,Protocol,Flow Duration,Total Fwd Packets,Total Backward Packets,Fwd Packets Length Total,Bwd Packets Length Total,Fwd Packet Length Max,Fwd Packet Length Min,Fwd Packet Length Mean,Fwd Packet Length Std,Bwd Packet Length Max,Bwd Packet Length Min,Bwd Packet Length Mean,Bwd Packet Length Std,Flow Bytes/s,Flow Packets/s,Flow IAT Mean,Flow IAT Std,Flow IAT Max,Flow IAT Min,Fwd IAT Total,Fwd IAT Mean,Fwd IAT Std,Fwd IAT Max,Fwd IAT Min,Bwd IAT Total,Bwd IAT Mean,Bwd IAT Std,Bwd IAT Max,Bwd IAT Min,Fwd PSH Flags,Fwd URG Flags,Fwd Header Length,Bwd Header Length,Fwd Packets/s,Bwd Packets/s,Packet Length Min,Packet Length Max,Packet Length Mean,Packet Length Std,Packet Length Variance,FIN Flag Count,SYN Flag Count,RST Flag Count,PSH Flag Count,ACK Flag Count,URG Flag Count,CWE Flag Count,ECE Flag Count,Down/Up Ratio,Avg Packet Size,Avg Fwd Segment Size,Avg Bwd Segment Size,Subflow Fwd Packets,Subflow Fwd Bytes,Subflow Bwd Packets,Subflow Bwd Bytes,Init Fwd Win Bytes,Init Bwd Win Bytes,Fwd Act Data Packets,Fwd Seg Size Min,Active Mean,Active Std,Active Max,Active Min,Idle Mean,Idle Std,Idle Max,Idle Min
Protocol,1.0,-0.20135777399516075,0.050205086557489044,-0.017823330283523276,0.04903707406536237,-0.009397617595268812,-0.34192718534478156,0.5948452818580383,-0.15412195742543133,-0.37951383109227743,-0.30405256924009505,0.8544552170007872,-0.06722774770247426,-0.3839881909861541,0.0007569043890519768,-0.02257632921423753,-0.15139331226022815,-0.09441955656404581,-0.18755897161728044,-0.13896595363854666,-0.1956011065885046,-0.15320141720867803,-0.1114103136974737,-0.18131415666762318,-0.13694105703630877,-0.12808516667152722,-0.07174372041765095,-0.113765377414474,-0.10997812806336438,-0.03443777338381877,-0.08164373440282252,-0.013914594911765495,0.04815098065057023,-0.023846052363488506,-0.02207953197474865,-0.008810640487548144,0.6193113590133991,-0.3692625107945296,-0.1094089281989598,-0.3546184835276735,-0.29543250697297146,-0.021268982413190952,-0.08164373440282252,-0.28156714352783396,-0.4718752280268225,-0.2705709064909353,-0.06501403297424367,-0.013914594911765495,-0.28156714352783396,0.31472180530467625,-0.03583532195890888,-0.15412195742543133,-0.06722774770247426,0.050205086557489044,0.04903707406536237,-0.017823330283523276,-0.009397617595268812,-0.29445727539486327,-0.18691400290681853,0.050738299282586864,-0.6613923078092693,-0.06470144979625826,-0.05998581816327793,-0.07193034161039742,-0.047744773938322785,-0.1670556766177858,-0.019781180216371083,-0.16324123493960355,-0.16658088359803627
Flow Duration,-0.20135777399516075,1.0,0.0847465949941057,0.05929057522820557,0.08716665224113374,0.04656087115527461,-0.008599732343820507,-0.014188405176530909,-0.056470991294037785,-0.06757574197623899,0.15637272252918852,-0.1559036894900973,0.16579715945008822,0.11023202013611128,-0.031209575923282114,-0.03204654834863946,0.5099361903998733,0.5312452901457068,0.7703481065570191,0.42032578546842697,0.9957229033275027,0.5606397567670346,0.600390023272166,0.7678382421180276,0.46155614559347885,0.8080607458174766,0.4196209033279422,0.5706982183852977,0.6109221270529775,0.24234613231036164,0.06292077303557264,-0.012920059493272063,0.08712139179743691,0.06052727540937717,-0.02669604608134554,-0.030038604954384443,-0.015600660300566675,0.12212436227211595,0.18179006493281083,0.11635570397359009,0.2021033366634576,-0.018275300779678687,0.06292077303557264,-0.05346431218214665,0.01325346684292516,0.06101356685800816,-0.029706119742932278,-0.012920059493272063,-0.05346431218214665,-0.07759459539794997,0.14783025187067378,-0.056470991294037785,0.16579715945008822,0.0847465949941057,0.08716665224113374,0.05929057522820557,0.04656087115527461,-0.024435479727434265,-0.11394180512693557,0.0835340493310737,-0.0394333148647281,0.20161692706794335,0.17981456859939046,0.23780694450839218,0.15541847978735143,0.7256965496034782,0.31436855409306946,0.7501210649323886,0.6932444479604424
Total Fwd Packets,0.050205086557489044,0.0847465949941057,1.0,0.02071121422206535,0.9984889780230087,0.021184586513725196,-0.01872454689815311,0.01869262271856821,-0.013442170831936703,-0.020340587077699767,-0.019891055257483463,-0.01069823002703624,-0.015448525043974657,-0.02013520505498385,-0.001385078773098996,-0.0016170058367130937,-0.007031751345398622,-0.005945195509213037,-0.007782851491525976,-0.006024718425071269,0.08509359984654022,-0.007318941632132938,-0.006491173679362702,-0.007827380133875747,-0.006239124466860623,-0.005019195808367415,-0.004161286408438616,-0.005793225971403186,-0.004811465757556208,-0.0022948822479616935,-0.004289883460243884,-0.0008159875605320923,0.9990939547166838,0.020513844526611924,-0.001256233414541209,-0.0018583692528754883,0.019534447187082634,-0.02234098335246145,-0.011345962609767174,-0.02304531375890216,-0.014074995927448002,-0.0012460993388021056,-0.004289883460243884,-0.015277011682675435,-0.024681884252402326,-0.015434093858932461,-0.0037977236756403026,-0.0008159875605320923,-0.015277011682675435,-0.017039348534936986,-0.01378055797185278,-0.013442170831936703,-0.015448525043974657,1.0,0.9984889780230087,0.02071121422206535,0.021184586513725196,-0.015983605321622293,-0.00996757613833757,0.999741255279983,-0.036596085005766214,-0.0004380471504898466,0.00036179767764126354,-0.00028730338465833793,-0.0007342828617609337,-0.00723893499643898,-0.000978014626413781,-0.0072356407940813265,-0.00716090484960643
Total Backward Packets,-0.017823330283523276,0.05929057522820557,0.02071121422206535,1.0,0.001898680472333811,0.997627084553696,0.027300220294607803,-0.012152763115851437,0.0022668313072421046,0.004581658667701876,0.0643254888423499,-0.014448013938582353,0.14829199339045512,0.022019826462651656,-0.000763470587831636,-0.0033900837304347256,-0.011610243301480333,0.004096145760143066,0.029280314505600428,-0.011598734261888281,0.04848809027176301,-0.01029237322107217,0.01302064694527092,0.012426945951766749,-0.011631196664506852,0.0757953295523642,-0.00022737775752893204,0.011446646903947576,0.05367186174557275,-0.0029499117206307403,0.00828683603998161,-0.0015607382836947562,0.06010385897962302,0.9997020475788085,-0.0029514583378602408,-0.002696903789112731,-0.012459451026580005,0.0584694882820877,0.16909541908448464,0.06994499742543567,0.09494343589892863,-0.001886494003946395,0.00828683603998161,0.0008104800160952928,0.030696954466397648,-0.016440779394998814,-0.005519478414050102,-0.0015607382836947562,0.0008104800160952928,0.08518255664382429,0.15897145244884123,0.0022668313072421046,0.14829199339045512,0.020711214222065347,0.001898680472333811,1.0,0.997627084553696,-0.000180048829587086,-0.00031776839620262833,-0.0008215451555083403,0.010317740480626711,0.043711111023875086,0.04934409416567208,0.05325872142933615,0.02784260841959597,0.023226675083019146,0.06880880953731243,0.02869347798766397,0.016225977100412115
Fwd Packets Length Total,0.04903707406536237,0.08716665224113374,0.9984889780230087,0.001898680472333811,1.0,0.0012244958693628653,-0.012302127660921666,0.018562360351674606,-0.0010679314502896255,-0.014567449740509195,-0.01544461584900757,-0.012463097379272753,-0.009101338588792921,-0.017050484933235095,-0.0013058104422391512,-0.0019599728863285725,-0.008165580377853972,-0.00555451421176883,-0.008461893865685851,-0.007223047710660215,0.08780013287324843,-0.008384735082579453,-0.005481675007924517,-0.008047649039996836,-0.007449059597109591,-0.0013318931357344569,-0.0036090417905315685,-0.004639888577046966,-0.004408065027942209,-0.0021439772256484782,-0.0049297386117029,-0.0009792630875617183,0.9967992100440697,0.0012906995146363752,-0.0015480059777976001,-0.002156947667231022,0.01931870342733637,-0.01673749605325446,-0.003200017572314929,-0.017545834872612937,-0.008046369483447629,-0.0014618162071706898,-0.0049297386117029,-0.012872029980364031,-0.02190461626293406,-0.01714049557168387,-0.004333232957443189,-0.0009792630875617183,-0.012872029980364031,-0.01880647166545313,-0.006047708233298242,-0.0010679314502896255,-0.009101338588792921,0.9984889780230087,1.0,0.001898680472333811,0.0012244958693628653,-0.015206085036618553,-0.008373908846442688,0.9986995040657912,-0.0352157136771663,-0.00014468120169663156,0.002106956247898049,0.0016397659040916464,-0.0009722349993086082,-0.008053588203097558,-0.001021081049897696,-0.007927860247115033,-0.008025308827927272
Bwd Packets Length Total,-0.009397617595268812,0.04656087115527461,0.021184586513725196,0.997627084553696,0.0012244958693628653,1.0,0.010277147401455907,-0.006193095982134286,-0.008316773472555205,-0.004540943920073279,0.04225199442483885,-0.00674036991764766,0.13827517179769322,0.006238580368134011,0.00048506186096746216,-0.0016196601274372463,-0.00559387393017976,0.000547913050793854,0.028988205278114233,-0.00513282447185415,0.0357786431374995,-0.005259406275397358,0.0055887974106350255,0.012058695687047706,-0.005313294997216868,0.05629278634441483,-0.002265589876348049,0.003430736415381887,0.04484746041781112,-0.0020344681544590677,0.00850808103794639,-0.0006936064865200552,0.0602838858290061,0.9969912521152554,-0.0013788687197785966,-0.0014063579024456959,-0.006322921147225238,0.037978128542388426,0.1560900838674021,0.05515322372075461,0.08441219372227683,-0.0010209397152067389,0.00850808103794639,-0.0019772891897337458,0.01341355821748633,-0.005732516765036642,-0.003105871144655968,-0.0006936064865200552,-0.0019772891897337458,0.0692200388186064,0.14757982386646037,-0.008316773472555205,0.13827517179769322,0.0211845865137252,0.0012244958693628653,0.997627084553696,1.0,-0.004453187727344916,-0.005153318627380226,-0.0003822384039321287,0.0001213304998588341,0.04167689536287216,0.046742692880069645,0.04959175820266295,0.026436909124075446,0.02207487129603379,0.06676190281729939,0.027441390260949376,0.015371104611386969
Fwd Packet Length Max,-0.34192718534478156,-0.008599732343820507,-0.01872454689815311,0.027300220294607803,-0.012302127660921666,0.010277147401455907,1.0,-0.1701508513109918,0.8436606505455896,0.9408522658327596,0.5034336613253227,-0.3247353748918643,0.31512538942197643,0.5051246842349647,0.010066006408957847,-0.05571958524661593,-0.2087400676663505,0.03220781985611528,-0.11205415308941556,-0.21259216735865152,-0.006906642173033036,-0.19258500488542643,0.11901125569408966,-0.10742024293282398,-0.21122910858993604,0.10474503077250437,-0.024481209387168863,0.06660858586794291,0.036532205054995756,-0.05860562238332814,-0.12536959474029463,-0.028973374479067893,-0.01571994088118219,0.03517312252639127,-0.04766599366395883,-0.04751304891916108,-0.1796483693619697,0.7576011575305689,0.5152502872773475,0.6978216141474666,0.5074793351922573,-0.03491260028001935,-0.12536959474029463,0.339048447598803,0.4637857539165519,-0.17631176732876327,-0.07326200906304854,-0.028973374479067893,0.339048447598803,-0.15485597865355666,0.5049081393889202,0.8436606505455896,0.31512538942197643,-0.018724546898153113,-0.012302127660921666,0.027300220294607803,0.010277147401455905,0.3514602115963136,0.46618606519329736,-0.019246177639169856,0.3766881467227173,-0.014167680396566957,-0.00817732863497843,-0.006082223081631144,-0.010859627512017038,-0.11996053635706296,0.0024248500209314372,-0.1167375533915925,-0.12235850716153843
Fwd Packet Length Min,0.5948452818580383,-0.014188405176530909,0.01869262271856821,-0.012152763115851437,0.018562360351674606,-0.006193095982134286,-0.1701508513109918,1.0,0.15653577578337097,-0.24850676668399382,-0.20622298599261624,0.4799808628724945,-0.0649095642450471,-0.25051643119973654,0.025059694811316834,-0.0050623012200242444,-0.0251892597757769,0.03671130157287121,-0.022877806589882237,-0.0476576933058962,-0.010299980010384069,-0.028733382866107646,0.039207151952504786,-0.018493823269905247,-0.04524400090844386,-0.08106822491193001,-0.03707531629393423,-0.07459924045660409,-0.06626281878525249,-0.010966699883032756,-0.0201830323497431,-0.009134503073240798,0.017337858640039908,-0.015773960359091233,-0.009822122804978569,0.016409113176283446,0.963695658474156,-0.21282957644037798,0.08291008109441989,-0.2378985856410396,-0.18943500588722537,-0.013962431996760727,-0.0201830323497431,-0.18484015914138588,-0.30977155626375213,-0.16268137468886115,-0.023662978388628682,-0.009134503073240798,-0.18484015914138588,0.149445342576442,0.15178347614945892,0.15653577578337097,-0.0649095642450471,0.01869262271856821,0.018562360351674606,-0.012152763115851437,-0.006193095982134286,-0.19227841641515922,-0.12266253136888511,0.019001191160037123,-0.4331097544576509,0.044152868257854416,-0.015073815355747824,0.02574574251948528,0.059873559242784036,-0.037581524168005545,0.18684842553422484,-0.0023842057028683338,-0.06170224453767233
Fwd Packet Length Mean,-0.15412195742543133,-0.056470991294037785,-0.013442170831936703,0.0022668313072421046,-0.0010679314502896255,-0.008316773472555205,0.8436606505455896,0.15653577578337097,1.0,0.8552937552311246,0.3452125649278884,-0.1734643861103242,0.26678129863841077,0.38209892886403723,0.029682814276781887,-0.05502863548220591,-0.21624984108576806,0.06930877842466925,-0.11088690613752182,-0.23365971187737455,-0.05459289612882404,-0.2003320624834762,0.12656090409102838,-0.10638254563452545,-0.2199381057970913,0.023495864913086497,0.016661919403278904,0.07589547437015742,0.033446641515970946,-0.01184387590293818,-0.09445655982327038,-0.03272535811923176,-0.011989311654940124,0.00458667605066337,-0.048738815290666225,-0.0406440388623865,0.13302243670970113,0.6068660066570268,0.5544250268182892,0.5907551067905313,0.4214707789984066,-0.038555660800222845,-0.09445655982327038,0.331198477944619,0.3659199990076653,-0.22641865375869444,-0.07772011612224607,-0.03272535811923176,0.331198477944619,-0.06694094419327223,0.5743659524362632,1.0,0.26678129863841077,-0.013442170831936705,-0.00106793145028963,0.0022668313072421046,-0.008316773472555205,0.30986631304891926,0.36106413659673936,-0.013498801304466634,0.19966727830719674,0.033616846127237844,0.0010778694402684657,0.028483111219428387,0.04039211010612087,-0.13972437555808098,0.14120936824491467,-0.10941637880211055,-0.1582562606664172
Fwd Packet Length Std,-0.37951383109227743,-0.06757574197623899,-0.020340587077699767,0.004581658667701876,-0.014567449740509195,-0.004540943920073279,0.9408522658327596,-0.24850676668399382,0.8552937552311246,1.0,0.36974870890930217,-0.3527330169753151,0.25849623829269824,0.45284277991556443,0.02098484421575028,-0.05003960601981317,-0.19769454519312743,0.02508561731326625,-0.1235097466737968,-0.20063511277838772,-0.06691521984079207,-0.1820990356034536,0.08281679432070725,-0.12049484836003642,-0.19322111555899613,0.031643444200798926,-0.02899827242708218,0.03876495254275624,0.0014376632190959714,-0.052376622592689596,-0.11132341783970308,-0.0271270249026991,-0.018934019702456326,0.008544185524938004,-0.04253743266481338,-0.0436869711769959,-0.2544114659401481,0.6730350755718889,0.454721157859308,0.6791418795526922,0.48730959880123115,-0.03015190196922761,-0.11132341783970308,0.40411671403404276,0.42565843745860726,-0.1035225395100379,-0.05802683802557926,-0.0271270249026991,0.40411671403404276,-0.14507862935753435,0.4514470921665489,0.8552937552311247,0.25849623829269824,-0.020340587077699767,-0.014567449740509195,0.004581658667701878,-0.004540943920073278,0.4117918692275545,0.38413595605937534,-0.020490327980120945,0.3769077921944274,-0.022719526596839613,-0.01306573496685023,-0.01709419775376709,-0.019357330789633254,-0.1335186758482153,-0.022363852544051,-0.13309812842426932,-0.13256019355251145
Bwd Packet Length Max,-0.30405256924009505,0.15637272252918852,-0.019891055257483463,0.0643254888423499,-0.01544461584900757,0.04225199442483885,0.5034336613253227,-0.20622298599261624,0.3452125649278884,0.36974870890930217,1.0,-0.2651812356693366,0.7484118019059439,0.9463702959001721,-0.030164127764469834,-0.06289716044715139,-0.20711115663949956,0.08987323849740661,-0.016556224591053263,-0.21180058167658086,0.14880605223997148,-0.18724742400641234,0.23787734671656444,-0.024243308630110965,-0.21891101227809656,0.32195328097419773,0.0027785701147099665,0.23842249625536824,0.2165647389824543,-0.0766453718834103,-0.15013778083457985,-0.02862346519632907,-0.015642491933502947,0.07264898289346149,-0.05420641580614152,-0.05212277804570595,-0.21075810250875518,0.9205725273684441,0.6949271962775327,0.8541728886253636,0.7658315592471919,-0.026435815911336678,-0.15013778083457985,0.3497637812225618,0.6684783078086564,-0.44058822033746065,-0.07470756415218024,-0.02862346519632907,0.3497637812225618,0.08593077003187839,0.6699199240540306,0.3452125649278883,0.7484118019059439,-0.019891055257483463,-0.01544461584900757,0.0643254888423499,0.04225199442483885,0.20606767994294137,0.36522362606088987,-0.02100353886306758,0.2202933184217636,-0.023046615218633416,-0.0029194234179789422,-0.008470263291562473,-0.023249637609677132,-0.004692917382829418,-0.00964560038065826,-0.010958172658386296,-0.004618343206857774
Bwd Packet Length Min,0.8544552170007872,-0.1559036894900973,-0.01069823002703624,-0.014448013938582353,-0.012463097379272753,-0.00674036991764766,-0.3247353748918643,0.4799808628724945,-0.1734643861103242,-0.3527330169753151,-0.2651812356693366,1.0,-0.007032869007731808,-0.35873495963208113,0.005139832736575376,-0.021393291716308552,-0.10851589639252449,-0.07919893491214527,-0.14390342706305448,-0.09602906248558804,-0.15052531745976436,-0.11110082325043318,-0.08676352108422042,-0.13801291091004037,-0.09709136200583317,-0.11001433329921702,-0.04986295869079358,-0.10415219945318291,-0.09158812778340507,-0.013454943742198513,-0.04431484345236188,-0.013006486525644156,-0.012471049573146438,-0.020082269400561202,-0.020769602989615648,-0.008926108669538241,0.49915328211097787,-0.33244517856367,-0.093861927479986,-0.3024227122085104,-0.26844927484813846,-0.018926426601529173,-0.04431484345236188,-0.26319122342989376,-0.441079228970352,-0.23830623396545927,-0.06071989796477405,-0.013006486525644156,-0.26319122342989376,0.2901682134970003,-0.01761689457442527,-0.17346438611032414,-0.007032869007731808,-0.01069823002703624,-0.012463097379272755,-0.014448013938582353,-0.00674036991764766,-0.27423205899983355,-0.1725503536904076,-0.010323368652247594,-0.6243578793179538,-0.034010452858909745,-0.021419653947953785,-0.03506887315872982,-0.03058546014417118,-0.11755491287082688,-0.04467099819954388,-0.12013946062604405,-0.11329590769139879
Bwd Packet Length Mean,-0.06722774770247426,0.16579715945008822,-0.015448525043974657,0.14829199339045512,-0.009101338588792921,0.13827517179769322,0.31512538942197643,-0.0649095642450471,0.26678129863841077,0.25849623829269824,0.7484118019059439,-0.007032869007731808,1.0,0.7381739544633186,-0.013752609368468829,-0.052545067018613244,-0.18441738775241678,0.08399101550251722,0.023419257430123627,-0.1853877369969026,0.15790906747526004,-0.1673626544274313,0.2351323933825677,0.01394345248184043,-0.1911489721350158,0.3053066844779737,-0.017780274184216717,0.18841138597193077,0.2216050151541859,-0.06289213144171352,-0.12143307564508206,-0.025059723008242944,-0.008875140884129279,0.1499749568449974,-0.04585150312542679,-0.04140485505402053,-0.06526016222226494,0.7091873520138865,0.908528815856099,0.8071503187519987,0.907807399099434,-0.02529804021450197,-0.12143307564508206,0.2634781343024798,0.4205937060437924,-0.37610833929449583,-0.08006410655460726,-0.025059723008242944,0.2634781343024798,0.16497986453374247,0.8976248659348948,0.26678129863841077,1.0,-0.015448525043974658,-0.009101338588792921,0.14829199339045512,0.13827517179769322,0.11275798192212573,0.14898142163237613,-0.018398105671670825,-0.005867100071897207,-0.0135167711073173,0.006180216296509934,0.0037418116656000714,-0.016077092434530645,0.023610725843461022,0.013709582099560119,0.019463717586779103,0.021554835967436348
Bwd Packet Length Std,-0.3839881909861541,0.11023202013611128,-0.02013520505498385,0.022019826462651656,-0.017050484933235095,0.006238580368134011,0.5051246842349647,-0.25051643119973654,0.38209892886403723,0.45284277991556443,0.9463702959001721,-0.35873495963208113,0.7381739544633186,1.0,-0.018978551088277902,-0.05916802285741238,-0.1991989475273398,0.08470337202101126,-0.023435841912314605,-0.2031032163195951,0.10119538258412628,-0.18204511809825688,0.22113657891975907,-0.03346421386959124,-0.21007866124341615,0.25881727450338043,-0.002458976027935674,0.22168758756212947,0.1885832274131678,-0.07528493071874018,-0.14722466190762581,-0.027445395016224342,-0.018111257262807743,0.027596998734822537,-0.051164213603099466,-0.04838455381551759,-0.25748990974313707,0.9173557047054958,0.6890534752648296,0.9116777074828974,0.8197496241774915,-0.02142338501676709,-0.14722466190762581,0.43048428882185447,0.6844759058641787,-0.3903133915126757,-0.06380399657329969,-0.027445395016224342,0.43048428882185447,0.046886219312476426,0.6699252609749061,0.38209892886403723,0.7381739544633185,-0.02013520505498385,-0.017050484933235098,0.022019826462651656,0.006238580368134012,0.3073439407930157,0.32458040813988476,-0.02046988944775114,0.26225351104010636,-0.02733507226179916,-0.008595619051337457,-0.015674330140785876,-0.025953248669162418,-0.01794066418122043,-0.016856244913174903,-0.02428279572790355,-0.0170285234086613
Flow Bytes/s,0.0007569043890519768,-0.031209575923282114,-0.001385078773098996,-0.000763470587831636,-0.0013058104422391512,0.00048506186096746216,0.010066006408957847,0.025059694811316834,0.029682814276781887,0.02098484421575028,-0.030164127764469834,0.005139832736575376,-0.013752609368468829,-0.018978551088277902,1.0,0.5479083655298677,-0.020592933206894412,-0.01935919420985107,-0.02912953765582925,-0.01740754140439949,-0.030214410616626615,-0.021615139081200736,-0.022105451097209215,-0.028056001533888507,-0.018031558122939446,-0.02262205114048915,-0.013349438319130047,-0.01963770279175497,-0.019414982523137177,-0.007014126327847376,0.09788797713797573,-0.002352391009359339,-0.001500396133780185,-0.001318721842916975,0.47970560065604495,0.4257300828328997,0.00378898559255396,-0.011540065458630754,0.005188889745647309,-0.0012403954260490546,-0.006454849557120731,-0.003454970537642822,0.09788797713797573,0.01588720098091771,-0.007850129473353338,0.01159662212082177,-0.009146229642936906,-0.002352391009359339,0.01588720098091771,0.0026659102061289256,0.01288634142602914,0.029682814276781887,-0.013752609368468833,-0.0013850787730989957,-0.001305810442239151,-0.000763470587831636,0.00048506186096746237,0.04055912869221965,0.0038743449580464703,-0.0013742404767171752,-0.021317507034213395,-0.0064611811994641595,-0.004479372924412477,-0.006976512326602209,-0.005594023215013935,-0.02418412484607038,-0.008939563831375561,-0.02470637390645475,-0.023334814906535984
Flow Packets/s,-0.02257632921423753,-0.03204654834863946,-0.0016170058367130937,-0.0033900837304347256,-0.0019599728863285725,-0.0016196601274372463,-0.05571958524661593,-0.0050623012200242444,-0.05502863548220591,-0.05003960601981317,-0.06289716044715139,-0.021393291716308552,-0.052545067018613244,-0.05916802285741238,0.5479083655298677,1.0,-0.021075859042895717,-0.019836621725232585,-0.02987968300366024,-0.01781262465076598,-0.03100966120797883,-0.022123869251403982,-0.022662586502569804,-0.028754138193543815,-0.018451056913561147,-0.023256387645349267,-0.013675051408404065,-0.02013047692952842,-0.019963471271834923,-0.007183048779701945,0.07721998933492001,-0.000995402921751525,-0.0018798881852008012,-0.003999215830077623,0.9706037093901944,0.41815510345803597,-0.014457736780224224,-0.06910190839254775,-0.05528122666542095,-0.06487846597320412,-0.046859514680399,0.018667292336077716,0.07721998933492001,-0.03941996149481869,-0.06686930024979833,0.0961708056263779,0.08041793333277472,-0.000995402921751525,-0.03941996149481869,-0.009498747614686864,-0.05713730809219099,-0.05502863548220591,-0.05254506701861322,-0.0016170058367130941,-0.0019599728863285725,-0.003390083730434726,-0.0016196601274372463,-0.024364039203699797,-0.021995309528837083,-0.0015572624205016827,-0.008916457528658685,-0.006678905749677688,-0.004651721678521086,-0.007216789030973565,-0.005771113130057309,-0.024792167538306764,-0.009244009508126774,-0.02533415061800006,-0.023913535771393542
Flow IAT Mean,-0.15139331226022815,0.5099361903998733,-0.007031751345398622,-0.011610243301480333,-0.008165580377853972,-0.00559387393017976,-0.2087400676663505,-0.0251892597757769,-0.21624984108576806,-0.19769454519312743,-0.20711115663949956,-0.10851589639252449,-0.18441738775241678,-0.1991989475273398,-0.020592933206894412,-0.021075859042895717,1.0,0.14390698356057116,0.8050585902219439,0.977585173595594,0.5098828085138292,0.9630157483577899,0.017665585529256133,0.805730363185756,0.9598055266829402,0.012424801234705142,0.09396948747253021,-0.0022086513424087093,0.047082843335493854,0.10931076314837258,0.00761856834209391,-0.008014010729381266,-0.007885079059806722,-0.01335684407969029,-0.017561291322843457,-0.019739211657753688,-0.026490015490205628,-0.23991192680288165,-0.19946063102324085,-0.23539651698459194,-0.15452390800748667,-0.011623770739028611,0.00761856834209391,-0.15830863379570645,-0.24931705951172856,0.3184475486534486,-0.028421520924338726,-0.008014010729381266,-0.15830863379570645,-0.1680640642448905,-0.21600761295782503,-0.216249841085768,-0.18441738775241678,-0.007031751345398622,-0.008165580377853974,-0.011610243301480331,-0.0055938739301797605,0.11823692547840488,-0.10917712831269115,-0.006873165364040074,-0.04734946180200816,0.0012273157371449045,-0.004332386577744521,-0.0015141942720608968,0.003437133462069343,0.7418115651495459,0.026118833978928564,0.7221706519900165,0.7464748510652252
Flow IAT Std,-0.09441955656404581,0.5312452901457068,-0.005945195509213037,0.004096145760143066,-0.00555451421176883,0.000547913050793854,0.03220781985611528,0.03671130157287121,0.06930877842466925,0.02508561731326625,0.08987323849740661,-0.07919893491214527,0.08399101550251722,0.08470337202101126,-0.01935919420985107,-0.019836621725232585,0.14390698356057116,1.0,0.5841325880987828,-0.057917262735009356,0.5137441238181809,0.3420230402115631,0.593140085215621,0.5591916085075203,0.25744401887330076,0.5089479365646604,0.6899922900777653,0.46250172163469894,0.6858301543290845,0.6304402291670905,0.23426441987634508,-0.008067003417728412,-0.005606622263916023,0.0044229418555206635,-0.016529602519080838,-0.018575186849525388,0.031302826738825305,0.0986046949560688,0.12419064528367099,0.10275895988999671,0.12205518843500661,-0.009556131104292428,0.23426441987634508,-0.044473638680390795,0.014521752305871414,0.06249500306781692,0.016768512117252207,-0.008067003417728412,-0.044473638680390795,-0.002316031582731416,0.11516430039653235,0.06930877842466925,0.08399101550251725,-0.005945195509213037,-0.00555451421176883,0.004096145760143067,0.0005479130507938538,-0.08394753940307442,-0.06943452265980017,-0.00603264618636287,0.10757606658002267,0.09130887187804812,0.05426596830459007,0.09027309904634659,0.08247851701708261,0.5569444396105888,0.25631523348662094,0.5785601883520983,0.532684034505041
Flow IAT Max,-0.18755897161728044,0.7703481065570191,-0.007782851491525976,0.029280314505600428,-0.008461893865685851,0.028988205278114233,-0.11205415308941556,-0.022877806589882237,-0.11088690613752182,-0.1235097466737968,-0.016556224591053263,-0.14390342706305448,0.023419257430123627,-0.023435841912314605,-0.02912953765582925,-0.02987968300366024,0.8050585902219439,0.5841325880987828,1.0,0.711275805042686,0.7625614669745512,0.8506220643127457,0.5235951853104823,0.9903207619229709,0.7854176097760209,0.41163737458085675,0.413141367155382,0.4482766174896147,0.562535962401593,0.33271432585726396,0.09022668202395268,-0.011782222377334861,-0.006805532779784409,0.02793026066670581,-0.02489821130217887,-0.027980146414969025,-0.0257986508116304,-0.04310363958244756,0.03471428640843138,-0.03033522199242085,0.06143836570621781,-0.015685765624462365,0.09022668202395268,-0.12457276905426783,-0.12627354035036606,0.2330086420092227,-0.01021611867717948,-0.011782222377334861,-0.12457276905426783,-0.10960418915808195,0.009955545302393773,-0.1108869061375218,0.02341925743012365,-0.007782851491525976,-0.008461893865685851,0.029280314505600428,0.028988205278114233,0.045290001335510234,-0.128193597044701,-0.008457748423936902,0.017640104720930614,0.09961667237468978,0.06721810737300452,0.0980555360610161,0.08504340572758737,0.9148802630014256,0.26925760517297653,0.9256440754260006,0.8943102822425526
Flow IAT Min,-0.13896595363854666,0.42032578546842697,-0.006024718425071269,-0.011598734261888281,-0.007223047710660215,-0.00513282447185415,-0.21259216735865152,-0.0476576933058962,-0.23365971187737455,-0.20063511277838772,-0.21180058167658086,-0.09602906248558804,-0.1853877369969026,-0.2031032163195951,-0.01740754140439949,-0.01781262465076598,0.977585173595594,-0.057917262735009356,0.711275805042686,1.0,0.4242620388111272,0.8980407285444513,-0.06598243224514481,0.7176127101899707,0.90911382625578,-0.07097757599836169,-0.04171917182174421,-0.061475438615149064,-0.06094819512056089,-0.02188926892793193,-0.04052554738683459,-0.006689785861284679,-0.00690508165061368,-0.01347176117394986,-0.01484208208314467,-0.016683482247865478,-0.04831896559192305,-0.24770310606179063,-0.21300629556762204,-0.2425298440377671,-0.1625698868006347,-0.010003880730415627,-0.04052554738683459,-0.1481693578730356,-0.24758937326152278,0.3063343195923001,-0.03030928342052564,-0.006689785861284679,-0.1481693578730356,-0.16775456515641776,-0.22909653393238838,-0.23365971187737455,-0.18538773699690267,-0.006024718425071269,-0.007223047710660214,-0.01159873426188828,-0.00513282447185415,0.13613521291847316,-0.09868321678112271,-0.005867586340029539,-0.06705251023125734,-0.017592445128444125,-0.013528216517711725,-0.019701610086880893,-0.014623193497336899,0.6509777725246139,-0.023056344864024234,0.6263460327789145,0.6607328083057834
Fwd IAT Total,-0.1956011065885046,0.9957229033275027,0.08509359984654022,0.04848809027176301,0.08780013287324843,0.0357786431374995,-0.006906642173033036,-0.010299980010384069,-0.05459289612882404,-0.06691521984079207,0.14880605223997148,-0.15052531745976436,0.15790906747526004,0.10119538258412628,-0.030214410616626615,-0.03100966120797883,0.5098828085138292,0.5137441238181809,0.7625614669745512,0.4242620388111272,1.0,0.5646708587176097,0.6014698907793521,0.7719967647372135,0.46547952786555497,0.8022716467354831,0.41337603028118564,0.5595309975755003,0.5993193849418157,0.23967062759704663,0.06425889785114931,-0.012491427632290797,0.08699824329942155,0.049719152813665055,-0.02583165285260016,-0.02906904539066397,-0.011578133587094393,0.11694036010605295,0.17481208443952326,0.10921207935038385,0.1933762957996861,-0.017846943141110364,0.06425889785114931,-0.053196918207477864,0.0024592232119180013,0.06713320056274154,-0.0280371930446851,-0.012491427632290797,-0.053196918207477864,-0.09502756413617482,0.14136634702155518,-0.05459289612882403,0.15790906747526007,0.08509359984654022,0.08780013287324843,0.048488090271763006,0.03577864313749949,-0.022639011447471487,-0.1101511961958935,0.08414362201842365,-0.045909229896293396,0.19552520629759135,0.17950605023264934,0.23321259861320448,0.14829525653841172,0.7192647566125568,0.3083351890626548,0.743353179760261,0.6873155129025841
Fwd IAT Mean,-0.15320141720867803,0.5606397567670346,-0.007318941632132938,-0.01029237322107217,-0.008384735082579453,-0.005259406275397358,-0.19258500488542643,-0.028733382866107646,-0.2003320624834762,-0.1820990356034536,-0.18724742400641234,-0.11110082325043318,-0.1673626544274313,-0.18204511809825688,-0.021615139081200736,-0.022123869251403982,0.9630157483577899,0.3420230402115631,0.8506220643127457,0.8980407285444513,0.5646708587176097,1.0,0.06853634851142208,0.858299429742686,0.9887015701235851,0.10554581872160713,0.2777898955749742,0.03668663935569109,0.17944158940564514,0.3070614457805295,0.0750704146078914,-0.008467870692453479,-0.00808727473555554,-0.011792306385262963,-0.018434540282594624,-0.0207207456053263,-0.03306174981096911,-0.21682130248485387,-0.17924311733988596,-0.21199641186469942,-0.13371278172443918,-0.012175894946243552,0.0750704146078914,-0.1559843962418043,-0.24258835522173716,0.3190038754534884,-0.025625523808308896,-0.008467870692453479,-0.1559843962418043,-0.15468633010513266,-0.19608156473033517,-0.20033206248347624,-0.1673626544274313,-0.007318941632132938,-0.008384735082579453,-0.01029237322107217,-0.005259406275397358,0.09350620139575318,-0.10980502419344665,-0.007170670615951998,-0.021849500680439126,0.0014378737426426853,-0.001298123115873069,0.0008813774822941987,0.002456134275508099,0.7961494928132603,0.03313623173791733,0.7754790662720099,0.8003223288405753
Fwd IAT Std,-0.1114103136974737,0.600390023272166,-0.006491173679362702,0.01302064694527092,-0.005481675007924517,0.0055887974106350255,0.11901125569408966,0.039207151952504786,0.12656090409102838,0.08281679432070725,0.23787734671656444,-0.08676352108422042,0.2351323933825677,0.22113657891975907,-0.022105451097209215,-0.022662586502569804,0.017665585529256133,0.593140085215621,0.5235951853104823,-0.06598243224514481,0.6014698907793521,0.06853634851142208,1.0,0.5304423424707887,-0.06789098463953692,0.6265335183425138,0.3508764427286762,0.7557675211517163,0.6981244740323611,0.14054369808735281,0.11164233371648599,-0.009353286253716838,-0.005633847654892176,0.013696400658350026,-0.018884514426546765,-0.021221174502376355,0.04197608976598296,0.24957022951064264,0.27932457135722005,0.24607671192147498,0.27078755660863224,-0.00895174222332054,0.11164233371648599,-0.012049142755132058,0.09239663254100158,-0.0058559883544727605,0.048643564314916204,-0.009353286253716838,-0.012049142755132058,-0.03424788420639607,0.26330201218229615,0.12656090409102838,0.23513239338256772,-0.006491173679362702,-0.005481675007924518,0.01302064694527092,0.005588797410635026,-0.07632751138485769,-0.06263436574184289,-0.006754554763301149,0.07677127455759344,0.12150267981532799,0.08274740406057551,0.12442658243445293,0.10460733329995081,0.4625802628559432,0.36433196283158703,0.502807735601917,0.42498817643960063
Fwd IAT Max,-0.18131415666762318,0.7678382421180276,-0.007827380133875747,0.012426945951766749,-0.008047649039996836,0.012058695687047706,-0.10742024293282398,-0.018493823269905247,-0.10638254563452545,-0.12049484836003642,-0.024243308630110965,-0.13801291091004037,0.01394345248184043,-0.03346421386959124,-0.028056001533888507,-0.028754138193543815,0.805730363185756,0.5591916085075203,0.9903207619229709,0.7176127101899707,0.7719967647372135,0.858299429742686,0.5304423424707887,1.0,0.7920661762123448,0.4081654040509657,0.40696160153679417,0.4362407333732533,0.5489336349481723,0.3290633378618145,0.09295783039893508,-0.011315264316514351,-0.007585995417262345,0.011106162136690854,-0.02395982106514889,-0.026928018831545317,-0.02126261697338362,-0.047906762422880354,0.026958833809349544,-0.03820664285335596,0.0510266131983342,-0.01522538513454807,0.09295783039893508,-0.12601790062081167,-0.13903158382546152,0.2407857320934509,-0.0084146350335948,-0.011315264316514351,-0.12601790062081167,-0.12946000688544812,0.0026751891184729247,-0.10638254563452545,0.013943452481840415,-0.007827380133875744,-0.008047649039996834,0.01242694595176675,0.012058695687047705,0.048230009655947675,-0.12116801941972893,-0.008088544880871408,0.012509116831922122,0.09426696587502116,0.06728599609405525,0.09428387816622152,0.07867034147927635,0.9073369564937782,0.2653385303896088,0.9180362196874314,0.8869808988614312
Fwd IAT Min,-0.13694105703630877,0.46155614559347885,-0.006239124466860623,-0.011631196664506852,-0.007449059597109591,-0.005313294997216868,-0.21122910858993604,-0.04524400090844386,-0.2199381057970913,-0.19322111555899613,-0.21891101227809656,-0.09709136200583317,-0.1911489721350158,-0.21007866124341615,-0.018031558122939446,-0.018451056913561147,0.9598055266829402,0.25744401887330076,0.7854176097760209,0.90911382625578,0.46547952786555497,0.9887015701235851,-0.06789098463953692,0.7920661762123448,1.0,0.0020167604728933823,0.22090495336824367,-0.062466987139979425,0.09192155515483827,0.28403371699632385,0.05555214896640845,-0.006951604878118207,-0.0071216130570589675,-0.013447808179083587,-0.015374022207307173,-0.017281532063097304,-0.050349365920174444,-0.250384683769492,-0.21275336462227365,-0.2417636012286119,-0.1644005887746014,-0.01071855018599265,0.05555214896640845,-0.15323506262788028,-0.2556604849279183,0.3196017790440617,-0.03188050876469209,-0.006951604878118207,-0.15323506262788028,-0.14505499030143248,-0.22745268602834443,-0.21993810579709136,-0.19114897213501578,-0.006239124466860623,-0.007449059597109589,-0.011631196664506852,-0.005313294997216866,0.10645015967482425,-0.10165546816084138,-0.006067586285662813,-0.03111668407203406,-0.017767602167624477,-0.013852337132802255,-0.019959550280847577,-0.01468063159434575,0.7387646861170739,-0.023125816720143754,0.7111721399802186,0.7494305512662482
Bwd IAT Total,-0.12808516667152722,0.8080607458174766,-0.005019195808367415,0.0757953295523642,-0.0013318931357344569,0.05629278634441483,0.10474503077250437,-0.08106822491193001,0.023495864913086497,0.031643444200798926,0.32195328097419773,-0.11001433329921702,0.3053066844779737,0.25881727450338043,-0.02262205114048915,-0.023256387645349267,0.012424801234705142,0.5089479365646604,0.41163737458085675,-0.07097757599836169,0.8022716467354831,0.10554581872160713,0.6265335183425138,0.4081654040509657,0.0020167604728933823,1.0,0.5247539432777872,0.7167999885181993,0.7644673933026329,0.30283096419820266,0.07936376158835375,-0.009598647676975554,-0.0012636592380136698,0.07849855997366022,-0.019380208320591716,-0.02177386737421072,-0.08617548369700283,0.29136549328660416,0.30758533739967786,0.2815875603992698,0.32591733342112594,-0.014441915225412983,0.07936376158835375,0.05036416968471356,0.19264435293623644,-0.09213485284878614,-0.019201106375656755,-0.009598647676975554,0.05036416968471356,0.03774455074604243,0.27528877269368984,0.023495864913086476,0.30530668447797366,-0.005019195808367418,-0.001331893135734457,0.07579532955236418,0.05629278634441483,-0.06195742586895473,-0.057753533188041335,-0.0064404895632786275,0.04744575893126113,0.1122425489564586,0.1053172444929586,0.14987690298180523,0.08801581036230496,0.4205463716743767,0.2957430277214108,0.4514962572143416,0.38659275917634434
Bwd IAT Mean,-0.07174372041765095,0.4196209033279422,-0.004161286408438616,-0.00022737775752893204,-0.0036090417905315685,-0.002265589876348049,-0.024481209387168863,-0.03707531629393423,0.016661919403278904,-0.02899827242708218,0.0027785701147099665,-0.04986295869079358,-0.017780274184216717,-0.002458976027935674,-0.013349438319130047,-0.013675051408404065,0.09396948747253021,0.6899922900777653,0.413141367155382,-0.04171917182174421,0.41337603028118564,0.2777898955749742,0.3508764427286762,0.40696160153679417,0.22090495336824367,0.5247539432777872,1.0,0.48856430666463085,0.7596587791286192,0.9374283666382364,0.2351617650359666,-0.005643696250382378,-0.0036789907425354208,0.000594945662446323,-0.01139518139349288,-0.012805678274426814,-0.0476411288154727,-0.001556946539720219,0.014766230119713472,0.0011363693052150023,0.000818504897898313,-0.008339877227921769,0.2351617650359666,-0.04775533486714704,0.03991608144687297,0.01996120593916661,0.0020693748462738966,-0.005643696250382378,-0.04775533486714704,0.0029647710489851416,0.003906430946677945,0.0166619194032789,-0.017780274184216724,-0.004161286408438615,-0.0036090417905315685,-0.00022737775752893196,-0.002265589876348049,-0.02523553897342758,-0.04447033107889929,-0.004146953248807286,0.12008739219796459,0.12975029447371011,0.07890117009514001,0.12610865610839825,0.11581499279218092,0.3885855637212839,0.3888399739826741,0.44512800994028406,0.34679417056871825
Bwd IAT Std,-0.113765377414474,0.5706982183852977,-0.005793225971403186,0.011446646903947576,-0.004639888577046966,0.003430736415381887,0.06660858586794291,-0.07459924045660409,0.07589547437015742,0.03876495254275624,0.23842249625536824,-0.10415219945318291,0.18841138597193077,0.22168758756212947,-0.01963770279175497,-0.02013047692952842,-0.0022086513424087093,0.46250172163469894,0.4482766174896147,-0.061475438615149064,0.5595309975755003,0.03668663935569109,0.7557675211517163,0.4362407333732533,-0.062466987139979425,0.7167999885181993,0.48856430666463085,1.0,0.8426269383756584,0.18935553672770034,0.009251616207352003,-0.008308338729914308,-0.004667192001805888,0.012415358858116529,-0.016775018852072894,-0.018848277548834596,-0.07654314511493213,0.22739239351369012,0.2125627197326859,0.22383279916080423,0.22375716504139198,-0.012320679971071759,0.009251616207352003,0.01866415308180003,0.1883464434003113,-0.09858176697327063,0.04935597519442366,-0.008308338729914308,0.01866415308180003,0.018688007765034605,0.19335740096237558,0.07589547437015744,0.18841138597193074,-0.005793225971403186,-0.004639888577046966,0.01144664690394758,0.003430736415381888,-0.022649960088370766,-0.05565813279591274,-0.006014544778037822,0.11003265232166722,0.15540342425346743,0.10406175887157341,0.15560371420380256,0.13417667649124967,0.4167544487032808,0.4769889054832396,0.48180463154607145,0.3665134667267793
Bwd IAT Max,-0.10997812806336438,0.6109221270529775,-0.004811465757556208,0.05367186174557275,-0.004408065027942209,0.04484746041781112,0.036532205054995756,-0.06626281878525249,0.033446641515970946,0.0014376632190959714,0.2165647389824543,-0.09158812778340507,0.2216050151541859,0.1885832274131678,-0.019414982523137177,-0.019963471271834923,0.047082843335493854,0.6858301543290845,0.562535962401593,-0.06094819512056089,0.5993193849418157,0.17944158940564514,0.6981244740323611,0.5489336349481723,0.09192155515483827,0.7644673933026329,0.7596587791286192,0.8426269383756584,1.0,0.5855908012579923,0.13872112570836476,-0.00823992624986231,-0.002123479827219275,0.05406273280537088,-0.016636423443490957,-0.018689747266474835,-0.0735402399676912,0.19718976137891497,0.24291852043666365,0.20549542759260092,0.24087038923865506,-0.012289940268652008,0.13872112570836476,0.013084617418281756,0.14291018326436555,-0.05498145450897837,0.01714129662911517,-0.00823992624986231,0.013084617418281756,0.056865971698517336,0.22000015007382548,0.03344664151597093,0.2216050151541859,-0.004811465757556208,-0.00440806502794221,0.05367186174557275,0.04484746041781112,-0.04599944215120239,-0.05721784675238102,-0.005953258329450996,0.10014724203013854,0.14235869472468693,0.0962160583982476,0.14218746292449727,0.12221084882625363,0.5520485834405141,0.4473592935960264,0.6035936294976357,0.5075268917855268
Bwd IAT Min,-0.03443777338381877,0.24234613231036164,-0.0022948822479616935,-0.0029499117206307403,-0.0021439772256484782,-0.0020344681544590677,-0.05860562238332814,-0.010966699883032756,-0.01184387590293818,-0.052376622592689596,-0.0766453718834103,-0.013454943742198513,-0.06289213144171352,-0.07528493071874018,-0.007014126327847376,-0.007183048779701945,0.10931076314837258,0.6304402291670905,0.33271432585726396,-0.02188926892793193,0.23967062759704663,0.3070614457805295,0.14054369808735281,0.3290633378618145,0.28403371699632385,0.30283096419820266,0.9374283666382364,0.18935553672770034,0.5855908012579923,1.0,0.26464049320274785,-0.0029643142650021253,-0.0021765743775196537,-0.003006062255456397,-0.005985311422212029,-0.006727141877667441,-0.022352182835101254,-0.0782040725778032,-0.03816524637931526,-0.06825426692039627,-0.05715093468723951,-0.004414084823007671,0.26464049320274785,-0.05591118701484165,-0.0333948436114778,0.06418849443215141,-0.012919470260662588,-0.0029643142650021253,-0.05591118701484165,0.009259376422956251,-0.04344583143671838,-0.011843875902938178,-0.0628921314417135,-0.002294882247961694,-0.002143977225648478,-0.00294991172063074,-0.0020344681544590677,-0.023137436975136174,-0.028614187049488725,-0.0022366762637031565,0.08688945990903055,0.08194193978912222,0.04594842071777566,0.07490469341605142,0.07423195465603963,0.32228117134735434,0.24542788708118607,0.35690530608877946,0.297102881894944
Fwd PSH Flags,-0.08164373440282252,0.06292077303557264,-0.004289883460243884,0.00828683603998161,-0.0049297386117029,0.00850808103794639,-0.12536959474029463,-0.0201830323497431,-0.09445655982327038,-0.11132341783970308,-0.15013778083457985,-0.04431484345236188,-0.12143307564508206,-0.14722466190762581,0.09788797713797573,0.07721998933492001,0.00761856834209391,0.23426441987634508,0.09022668202395268,-0.04052554738683459,0.06425889785114931,0.0750704146078914,0.11164233371648599,0.09295783039893508,0.05555214896640845,0.07936376158835375,0.2351617650359666,0.009251616207352003,0.13872112570836476,0.26464049320274785,1.0,0.17043065231573143,-0.004062946986367853,0.006931651132122871,0.06328257200775146,0.07632462812145606,-0.04302246747318117,-0.16170100612579422,-0.09822230931477578,-0.14811801076407663,-0.11230146115354159,-0.008907709809209083,1.0,-0.11792376135486238,-0.19058247468002523,0.28929007954991093,0.04378849791803783,0.17043065231573143,-0.11792376135486238,-0.08111930366370183,-0.10005147818585378,-0.09445655982327038,-0.12143307564508206,-0.004289883460243884,-0.0049297386117029,0.00828683603998161,0.008508081037946388,-0.10280673107292777,-0.06926428826631362,-0.004452931601036289,0.027344954039470695,-0.0006744335618973579,-0.0045755687116683305,-0.0013195934629722584,0.0012327432783019359,0.1028916613383171,0.027788939927318054,0.10231586175951014,0.10008935446645009
Fwd URG Flags,-0.013914594911765495,-0.012920059493272063,-0.0008159875605320923,-0.0015607382836947562,-0.0009792630875617183,-0.0006936064865200552,-0.028973374479067893,-0.009134503073240798,-0.03272535811923176,-0.0271270249026991,-0.02862346519632907,-0.013006486525644156,-0.025059723008242944,-0.027445395016224342,-0.002352391009359339,-0.000995402921751525,-0.008014010729381266,-0.008067003417728412,-0.011782222377334861,-0.006689785861284679,-0.012491427632290797,-0.008467870692453479,-0.009353286253716838,-0.011315264316514351,-0.006951604878118207,-0.009598647676975554,-0.005643696250382378,-0.008308338729914308,-0.00823992624986231,-0.0029643142650021253,0.17043065231573143,1.0,-0.0008784252400242289,-0.00181379576750669,-0.0012402016422575087,0.0006181113076885521,-0.009326618054816084,-0.033637211494377005,-0.0295587230697521,-0.032786886102768545,-0.021968899976287374,-0.0015181467934227521,0.17043065231573143,-0.020097823571233686,0.006325687164225717,-0.019312929321336155,0.21402448479511857,1.0,-0.020097823571233686,-0.021689182976444323,-0.03195356769958719,-0.03272535811923176,-0.025059723008242944,-0.0008159875605320923,-0.0009792630875617183,-0.0015607382836947562,-0.0006936064865200552,0.015343524308324476,-0.013341575022930026,-0.000793136500413766,0.07663052499279271,-0.0027567260033532796,-0.0019202147650116863,-0.002978784345451724,-0.0023819195868635093,-0.010230394546333009,-0.0038153491986338112,-0.010454111039081483,-0.009867746095585148
Fwd Header Length,0.04815098065057023,0.08712139179743691,0.9990939547166838,0.06010385897962302,0.9967992100440697,0.0602838858290061,-0.01571994088118219,0.017337858640039908,-0.011989311654940124,-0.018934019702456326,-0.015642491933502947,-0.012471049573146438,-0.008875140884129279,-0.018111257262807743,-0.001500396133780185,-0.0018798881852008012,-0.007885079059806722,-0.005606622263916023,-0.006805532779784409,-0.00690508165061368,0.08699824329942155,-0.00808727473555554,-0.005633847654892176,-0.007585995417262345,-0.0071216130570589675,-0.0012636592380136698,-0.0036789907425354208,-0.004667192001805888,-0.002123479827219275,-0.0021765743775196537,-0.004062946986367853,-0.0008784252400242289,1.0,0.059978469017758676,-0.0014719335818044316,-0.0021172018711559364,0.018142655979958986,-0.018244148062477986,-0.00433301035683765,-0.018941474201008654,-0.009203384991687328,-0.0013995202756061076,-0.004062946986367853,-0.015325651446320978,-0.021890168268973626,-0.016395130770270536,-0.004190118666925595,-0.0008784252400242289,-0.015325651446320978,-0.016376089019200294,-0.007304195467631664,-0.011989311654940124,-0.008875140884129279,0.9990939547166838,0.9967992100440697,0.06010385897962303,0.06028388582900611,-0.015137825335799627,-0.009728719974174826,0.997891638362771,-0.033720354966822644,0.00101944559074476,0.0019694342510049078,0.0014696012144774621,0.00021237960920308027,-0.006469428027759542,0.0024696507779582433,-0.0061318184465455824,-0.006746956413238962
Bwd Header Length,-0.023846052363488506,0.06052727540937717,0.020513844526611924,0.9997020475788085,0.0012906995146363752,0.9969912521152554,0.03517312252639127,-0.015773960359091233,0.00458667605066337,0.008544185524938004,0.07264898289346149,-0.020082269400561202,0.1499749568449974,0.027596998734822537,-0.001318721842916975,-0.003999215830077623,-0.01335684407969029,0.0044229418555206635,0.02793026066670581,-0.01347176117394986,0.049719152813665055,-0.011792306385262963,0.013696400658350026,0.011106162136690854,-0.013447808179083587,0.07849855997366022,0.000594945662446323,0.012415358858116529,0.05406273280537088,-0.003006062255456397,0.006931651132122871,-0.00181379576750669,0.059978469017758676,1.0,-0.003461089182049547,-0.003259567664049384,-0.016191389169546877,0.06635696690630123,0.1713311567255073,0.07463096593149345,0.09709507222923355,-0.0020973993710710014,0.006931651132122872,-0.0012928663066221044,0.038037652119210334,-0.01896242420036847,-0.005841963339278917,-0.00181379576750669,-0.0012928663066221044,0.08487200160948026,0.1605200718492038,0.004586676050663369,0.1499749568449974,0.020513844526611924,0.0012906995146363752,0.9997020475788088,0.9969912521152554,0.0029567565088574064,-0.0022592400770117854,-0.0010108668370418148,0.02108317655477474,0.0432559319591397,0.048552665535699396,0.05258385374526034,0.02769355475636058,0.022043744548026847,0.06869453589625911,0.027535824229408357,0.015011874662311357
Fwd Packets/s,-0.02207953197474865,-0.02669604608134554,-0.001256233414541209,-0.0029514583378602408,-0.0015480059777976001,-0.0013788687197785966,-0.04766599366395883,-0.009822122804978569,-0.048738815290666225,-0.04253743266481338,-0.05420641580614152,-0.020769602989615648,-0.04585150312542679,-0.051164213603099466,0.47970560065604495,0.9706037093901944,-0.017561291322843457,-0.016529602519080838,-0.02489821130217887,-0.01484208208314467,-0.02583165285260016,-0.018434540282594624,-0.018884514426546765,-0.02395982106514889,-0.015374022207307173,-0.019380208320591716,-0.01139518139349288,-0.016775018852072894,-0.016636423443490957,-0.005985311422212029,0.06328257200775146,-0.0012402016422575087,-0.0014719335818044316,-0.003461089182049547,1.0,0.18723206888700877,-0.01414553644237281,-0.059379564669657194,-0.048003139194528484,-0.05591653047989854,-0.04003705066315525,0.017551822682077094,0.06328257200775145,-0.034392343700018625,-0.05922954682715655,0.08655069994693472,0.04046410077891706,-0.0012402016422575087,-0.034392343700018625,-0.023101633107887355,-0.04994603664552006,-0.04873881529066625,-0.04585150312542678,-0.001256233414541209,-0.0015480059777976001,-0.0029514583378602408,-0.0013788687197785966,-0.021837950804975574,-0.02024259673998978,-0.0012085845553826558,-0.00586050264309122,-0.005565890886301173,-0.003876742319233617,-0.006014194401206818,-0.004809266337742693,-0.020658328742517294,-0.007703590256062701,-0.0211100139700288,-0.019926107131390244
Bwd Packets/s,-0.008810640487548144,-0.030038604954384443,-0.0018583692528754883,-0.002696903789112731,-0.002156947667231022,-0.0014063579024456959,-0.04751304891916108,0.016409113176283446,-0.0406440388623865,-0.0436869711769959,-0.05212277804570595,-0.008926108669538241,-0.04140485505402053,-0.04838455381551759,0.4257300828328997,0.41815510345803597,-0.019739211657753688,-0.018575186849525388,-0.027980146414969025,-0.016683482247865478,-0.02906904539066397,-0.0207207456053263,-0.021221174502376355,-0.026928018831545317,-0.017281532063097304,-0.02177386737421072,-0.012805678274426814,-0.018848277548834596,-0.018689747266474835,-0.006727141877667441,0.07632462812145606,0.0006181113076885521,-0.0021172018711559364,-0.003259567664049384,0.18723206888700877,1.0,-0.005619838810216861,-0.05792234574816938,-0.04445150963266462,-0.05375496883598565,-0.04014469108839962,0.009944713804672817,0.07632462812145605,-0.031085168218721888,-0.0493764528534005,0.06585229236373902,0.17549701209384655,0.000618111307688552,-0.031085168218721888,0.048421278083668896,-0.04469405753423308,-0.04064403886238652,-0.041404855054020535,-0.0018583692528754878,-0.002156947667231022,-0.002696903789112731,-0.001406357902445696,-0.017018697463296765,-0.013372164076089847,-0.0017943688226797884,-0.014272858803448073,-0.00625250890344695,-0.004353941829813112,-0.0067558392776607525,-0.005403095335407724,-0.02321811917495685,-0.008653621635395944,-0.023725419210140077,-0.022395621185935917
Packet Length Min,0.6193113590133991,-0.015600660300566675,0.019534447187082634,-0.012459451026580005,0.01931870342733637,-0.006322921147225238,-0.1796483693619697,0.963695658474156,0.13302243670970113,-0.2544114659401481,-0.21075810250875518,0.49915328211097787,-0.06526016222226494,-0.25748990974313707,0.00378898559255396,-0.014457736780224224,-0.026490015490205628,0.031302826738825305,-0.0257986508116304,-0.04831896559192305,-0.011578133587094393,-0.03306174981096911,0.04197608976598296,-0.02126261697338362,-0.050349365920174444,-0.08617548369700283,-0.0476411288154727,-0.07654314511493213,-0.0735402399676912,-0.022352182835101254,-0.04302246747318117,-0.009326618054816084,0.018142655979958986,-0.016191389169546877,-0.01414553644237281,-0.005619838810216861,1.0,-0.22118463603779637,0.07428224288465136,-0.24907542033549124,-0.19952262782825395,-0.014256086982072596,-0.043022467473181156,-0.18872767918304514,-0.31628660764060185,-0.17661658856200182,-0.030955218830762958,-0.009326618054816084,-0.18872767918304514,0.1467904506736423,0.1428217281882497,0.13302243670970113,-0.06526016222226494,0.019534447187082637,0.01931870342733637,-0.01245945102658,-0.0063229211472252385,-0.19720081848672913,-0.12528345067387767,0.019849612365401205,-0.4516342222317187,0.045312656694816315,-0.015595448346641384,0.02630534254047305,0.061501165996635944,-0.04172039651749853,0.19454645369449786,-0.0050095423372547975,-0.0668607399875778
Packet Length Max,-0.3692625107945296,0.12212436227211595,-0.02234098335246145,0.0584694882820877,-0.01673749605325446,0.037978128542388426,0.7576011575305689,-0.21282957644037798,0.6068660066570268,0.6730350755718889,0.9205725273684441,-0.33244517856367,0.7091873520138865,0.9173557047054958,-0.011540065458630754,-0.06910190839254775,-0.23991192680288165,0.0986046949560688,-0.04310363958244756,-0.24770310606179063,0.11694036010605295,-0.21682130248485387,0.24957022951064264,-0.047906762422880354,-0.250384683769492,0.29136549328660416,-0.001556946539720219,0.22739239351369012,0.19718976137891497,-0.0782040725778032,-0.16170100612579422,-0.033637211494377005,-0.018244148062477986,0.06635696690630123,-0.059379564669657194,-0.05792234574816938,-0.22118463603779637,1.0,0.7520206200228008,0.9555864853004348,0.8211418716363647,-0.03436114159477766,-0.16170100612579424,0.44297529316295814,0.673561345987645,-0.38124711885122414,-0.0842076060232728,-0.033637211494377005,0.44297529316295814,0.003486318505347217,0.7340438098437931,0.6068660066570268,0.7091873520138864,-0.022340983352461444,-0.01673749605325446,0.0584694882820877,0.037978128542388426,0.31978690650887265,0.41122656940516905,-0.023404422684081362,0.3039564376226868,-0.02072144969896167,-0.005620981018521685,-0.008163730455357383,-0.01928359231453309,-0.03776451585784398,0.008261230473272969,-0.03915254329802124,-0.04012194693214349
Packet Length Mean,-0.1094089281989598,0.18179006493281083,-0.011345962609767174,0.16909541908448464,-0.003200017572314929,0.1560900838674021,0.5152502872773475,0.08291008109441989,0.5544250268182892,0.454721157859308,0.6949271962775327,-0.093861927479986,0.908528815856099,0.6890534752648296,0.005188889745647309,-0.05528122666542095,-0.19946063102324085,0.12419064528367099,0.03471428640843138,-0.21300629556762204,0.17481208443952326,-0.17924311733988596,0.27932457135722005,0.026958833809349544,-0.21275336462227365,0.30758533739967786,0.014766230119713472,0.2125627197326859,0.24291852043666365,-0.03816524637931526,-0.09822230931477578,-0.0295587230697521,-0.00433301035683765,0.1713311567255073,-0.048003139194528484,-0.04445150963266462,0.07428224288465136,0.7520206200228008,1.0,0.8339597330461027,0.8881442719327205,-0.03256393058924369,-0.09822230931477578,0.28648056052424337,0.4345011578568488,-0.34770639477283144,-0.08428006684659405,-0.0295587230697521,0.28648056052424337,0.14360468808459625,0.9939848256355774,0.5544250268182892,0.908528815856099,-0.011345962609767177,-0.0032000175723149297,0.16909541908448464,0.1560900838674021,0.17247593139721207,0.21064376832638124,-0.01442396257636179,0.06121152180896748,0.027414090195403574,0.019496479695784368,0.04022093424446853,0.02637296587380722,0.01591389385973216,0.13204847912837472,0.03326298350173233,-0.00047023230002074767
Packet Length Std,-0.3546184835276735,0.11635570397359009,-0.02304531375890216,0.06994499742543567,-0.017545834872612937,0.05515322372075461,0.6978216141474666,-0.2378985856410396,0.5907551067905313,0.6791418795526922,0.8541728886253636,-0.3024227122085104,0.8071503187519987,0.9116777074828974,-0.0012403954260490546,-0.06487846597320412,-0.23539651698459194,0.10275895988999671,-0.03033522199242085,-0.2425298440377671,0.10921207935038385,-0.21199641186469942,0.24607671192147498,-0.03820664285335596,-0.2417636012286119,0.2815875603992698,0.0011363693052150023,0.22383279916080423,0.20549542759260092,-0.06825426692039627,-0.14811801076407663,-0.032786886102768545,-0.018941474201008654,0.07463096593149345,-0.05591653047989854,-0.05375496883598565,-0.24907542033549124,0.9555864853004348,0.8339597330461027,1.0,0.9225997717897664,-0.03226782107957377,-0.14811801076407663,0.4679406713764515,0.6327892386448599,-0.34983418092951524,-0.08103937805798597,-0.03278688610276855,0.4679406713764515,0.036350498444143585,0.8207971639473643,0.5907551067905313,0.8071503187519987,-0.02304531375890216,-0.017545834872612947,0.06994499742543568,0.05515322372075461,0.343304904532769,0.321634549452381,-0.024474973282872046,0.26365296014152256,-0.01901550964303998,-0.0009057553767385254,-0.004484834501443375,-0.019430954634327667,-0.030595451691622786,0.01336905904231723,-0.03148500811030326,-0.03326607106639215
Packet Length Variance,-0.29543250697297146,0.2021033366634576,-0.014074995927448002,0.09494343589892863,-0.008046369483447629,0.08441219372227683,0.5074793351922573,-0.18943500588722537,0.4214707789984066,0.48730959880123115,0.7658315592471919,-0.26844927484813846,0.907807399099434,0.8197496241774915,-0.006454849557120731,-0.046859514680399,-0.15452390800748667,0.12205518843500661,0.06143836570621781,-0.1625698868006347,0.1933762957996861,-0.13371278172443918,0.27078755660863224,0.0510266131983342,-0.1644005887746014,0.32591733342112594,0.000818504897898313,0.22375716504139198,0.24087038923865506,-0.05715093468723951,-0.11230146115354159,-0.021968899976287374,-0.009203384991687328,0.09709507222923355,-0.04003705066315525,-0.04014469108839962,-0.19952262782825395,0.8211418716363647,0.8881442719327205,0.9225997717897664,1.0,-0.022167352303546897,-0.11230146115354159,0.35734320291692573,0.4807624066045289,-0.24700404005497553,-0.05898022554474748,-0.021968899976287374,0.35734320291692573,0.04294548957029891,0.8675701759887401,0.42147077899840657,0.907807399099434,-0.014074995927448002,-0.008046369483447629,0.09494343589892863,0.08441219372227683,0.22637671277795407,0.2100684944033837,-0.01617644196044349,0.17434775411386338,-0.0034325912142445674,0.012619856268638676,0.01380789914661355,-0.007185755857327984,0.05414883058421925,0.027449848298156963,0.051443548440053305,0.050653437083124205
FIN Flag Count,-0.021268982413190952,-0.018275300779678687,-0.0012460993388021056,-0.001886494003946395,-0.0014618162071706898,-0.0010209397152067389,-0.03491260028001935,-0.013962431996760727,-0.038555660800222845,-0.03015190196922761,-0.026435815911336678,-0.018926426601529173,-0.02529804021450197,-0.02142338501676709,-0.003454970537642822,0.018667292336077716,-0.011623770739028611,-0.009556131104292428,-0.015685765624462365,-0.010003880730415627,-0.017846943141110364,-0.012175894946243552,-0.00895174222332054,-0.01522538513454807,-0.01071855018599265,-0.014441915225412983,-0.008339877227921769,-0.012320679971071759,-0.012289940268652008,-0.004414084823007671,-0.008907709809209083,-0.0015181467934227521,-0.0013995202756061076,-0.0020973993710710014,0.017551822682077094,0.009944713804672817,-0.014256086982072596,-0.03436114159477766,-0.03256393058924369,-0.03226782107957377,-0.022167352303546897,1.0,-0.008907709809209083,-0.030720280309313838,-0.05148377432955898,0.0224840403377292,-0.0070933323113755884,-0.001518146793422752,-0.030720280309313838,0.03186641699075523,-0.03522323665205175,-0.038555660800222845,-0.02529804021450197,-0.0012460993388021056,-0.0014618162071706898,-0.0018864940039463951,-0.0010209397152067389,-0.03194511621182153,-0.013859650475972077,-0.0012089076292786435,-0.0023419152634045312,-0.003071817755072667,-0.0029351205928424386,-0.003704358281760185,-0.002275157388941434,-0.015470673776286128,-0.005831904954509992,-0.015818112005759145,-0.014914582612402074
SYN Flag Count,-0.08164373440282252,0.06292077303557264,-0.004289883460243884,0.00828683603998161,-0.0049297386117029,0.00850808103794639,-0.12536959474029463,-0.0201830323497431,-0.09445655982327038,-0.11132341783970308,-0.15013778083457985,-0.04431484345236188,-0.12143307564508206,-0.14722466190762581,0.09788797713797573,0.07721998933492001,0.00761856834209391,0.23426441987634508,0.09022668202395268,-0.04052554738683459,0.06425889785114931,0.0750704146078914,0.11164233371648599,0.09295783039893508,0.05555214896640845,0.07936376158835375,0.2351617650359666,0.009251616207352003,0.13872112570836476,0.26464049320274785,1.0,0.17043065231573143,-0.004062946986367853,0.006931651132122872,0.06328257200775145,0.07632462812145605,-0.043022467473181156,-0.16170100612579424,-0.09822230931477578,-0.14811801076407663,-0.11230146115354159,-0.008907709809209083,1.0,-0.11792376135486238,-0.19058247468002523,0.28929007954991093,0.04378849791803783,0.17043065231573143,-0.11792376135486238,-0.08111930366370183,-0.10005147818585378,-0.09445655982327038,-0.12143307564508206,-0.004289883460243884,-0.0049297386117029,0.00828683603998161,0.008508081037946388,-0.10280673107292777,-0.06926428826631362,-0.004452931601036289,0.027344954039470695,-0.0006744335618973579,-0.0045755687116683305,-0.0013195934629722584,0.0012327432783019359,0.1028916613383171,0.027788939927318054,0.10231586175951014,0.10008935446645009
RST Flag Count,-0.28156714352783396,-0.05346431218214665,-0.015277011682675435,0.0008104800160952928,-0.012872029980364031,-0.0019772891897337458,0.339048447598803,-0.18484015914138588,0.331198477944619,0.40411671403404276,0.3497637812225618,-0.26319122342989376,0.2634781343024798,0.43048428882185447,0.01588720098091771,-0.03941996149481869,-0.15830863379570645,-0.044473638680390795,-0.12457276905426783,-0.1481693578730356,-0.053196918207477864,-0.1559843962418043,-0.012049142755132058,-0.12601790062081167,-0.15323506262788028,0.05036416968471356,-0.04775533486714704,0.01866415308180003,0.013084617418281756,-0.05591118701484165,-0.11792376135486238,-0.020097823571233686,-0.015325651446320978,-0.0012928663066221044,-0.034392343700018625,-0.031085168218721888,-0.18872767918304514,0.44297529316295814,0.28648056052424337,0.4679406713764515,0.35734320291692573,-0.030720280309313838,-0.11792376135486238,1.0,0.5966982939647465,-0.39080450251309407,-0.09390431936080869,-0.020097823571233686,1.0,0.06407315764170113,0.2830433517393153,0.331198477944619,0.2634781343024798,-0.015277011682675435,-0.012872029980364033,0.0008104800160952933,-0.0019772891897337453,0.42807433480215856,0.34991228227389903,-0.01531633960083109,-0.02442906455923078,-0.033068317874960056,-0.022707100929942783,-0.032322410865823596,-0.027730967930423574,-0.09298406480141821,-0.03533558404068338,-0.0973173254547811,-0.0897184242074925
PSH Flag Count,-0.4718752280268225,0.01325346684292516,-0.024681884252402326,0.030696954466397648,-0.02190461626293406,0.01341355821748633,0.4637857539165519,-0.30977155626375213,0.3659199990076653,0.42565843745860726,0.6684783078086564,-0.441079228970352,0.4205937060437924,0.6844759058641787,-0.007850129473353338,-0.06686930024979833,-0.24931705951172856,0.014521752305871414,-0.12627354035036606,-0.24758937326152278,0.0024592232119180013,-0.24258835522173716,0.09239663254100158,-0.13903158382546152,-0.2556604849279183,0.19264435293623644,0.03991608144687297,0.1883464434003113,0.14291018326436555,-0.0333948436114778,-0.19058247468002523,0.006325687164225717,-0.021890168268973626,0.038037652119210334,-0.05922954682715655,-0.0493764528534005,-0.31628660764060185,0.673561345987645,0.4345011578568488,0.6327892386448599,0.4807624066045289,-0.05148377432955898,-0.19058247468002523,0.5966982939647465,1.0,-0.6545480820142875,-0.14863365651655502,0.006325687164225717,0.5966982939647465,0.078822157052013,0.4040167507224068,0.3659199990076653,0.42059370604379237,-0.02468188425240233,-0.02190461626293407,0.030696954466397645,0.013413558217486332,0.4458503336227647,0.37649589244779563,-0.025170944367220824,0.2705028211338936,-0.0009243275451187257,-0.007770408671048087,0.0005941224293773192,0.0044215405662765385,-0.1137639306456524,0.044463111418391155,-0.10386467574327335,-0.12023758460752024
ACK Flag Count,-0.2705709064909353,0.06101356685800816,-0.015434093858932461,-0.016440779394998814,-0.01714049557168387,-0.005732516765036642,-0.17631176732876327,-0.16268137468886115,-0.22641865375869444,-0.1035225395100379,-0.44058822033746065,-0.23830623396545927,-0.37610833929449583,-0.3903133915126757,0.01159662212082177,0.0961708056263779,0.3184475486534486,0.06249500306781692,0.2330086420092227,0.3063343195923001,0.06713320056274154,0.3190038754534884,-0.0058559883544727605,0.2407857320934509,0.3196017790440617,-0.09213485284878614,0.01996120593916661,-0.09858176697327063,-0.05498145450897837,0.06418849443215141,0.28929007954991093,-0.019312929321336155,-0.016395130770270536,-0.01896242420036847,0.08655069994693472,0.06585229236373902,-0.17661658856200182,-0.38124711885122414,-0.34770639477283144,-0.34983418092951524,-0.24700404005497553,0.0224840403377292,0.28929007954991093,-0.39080450251309407,-0.6545480820142875,1.0,0.22483168019581296,-0.019312929321336155,-0.39080450251309407,-0.335553792705271,-0.3748309865556218,-0.2264186537586944,-0.3761083392944958,-0.015434093858932461,-0.01714049557168387,-0.016440779394998817,-0.005732516765036642,-0.21154315613643873,-0.23747811675124555,-0.015257027718131852,0.3844005550276418,-0.037148816681297894,-0.029601848279066426,-0.040252825418320495,-0.030184169789430195,0.19300807078632579,-0.04362655491926359,0.17976655217490706,0.20005413883435855
URG Flag Count,-0.06501403297424367,-0.029706119742932278,-0.0037977236756403026,-0.005519478414050102,-0.004333232957443189,-0.003105871144655968,-0.07326200906304854,-0.023662978388628682,-0.07772011612224607,-0.05802683802557926,-0.07470756415218024,-0.06071989796477405,-0.08006410655460726,-0.06380399657329969,-0.009146229642936906,0.08041793333277472,-0.028421520924338726,0.016768512117252207,-0.01021611867717948,-0.03030928342052564,-0.0280371930446851,-0.025625523808308896,0.048643564314916204,-0.0084146350335948,-0.03188050876469209,-0.019201106375656755,0.0020693748462738966,0.04935597519442366,0.01714129662911517,-0.012919470260662588,0.04378849791803783,0.21402448479511857,-0.004190118666925595,-0.005841963339278917,0.04046410077891706,0.17549701209384655,-0.030955218830762958,-0.0842076060232728,-0.08428006684659405,-0.08103937805798597,-0.05898022554474748,-0.0070933323113755884,0.04378849791803783,-0.09390431936080869,-0.14863365651655502,0.22483168019581296,1.0,0.21402448479511857,-0.09390431936080869,0.05803865367927139,-0.09024146723618,-0.0777201161222461,-0.08006410655460725,-0.0037977236756403018,-0.004333232957443189,-0.005519478414050102,-0.003105871144655968,-0.06589635892561219,-0.02676838313471541,-0.0036820658408348193,0.07650631792480267,-0.0017729409660406155,-0.00897193966779018,-0.005661569757060223,0.002154715650932737,-0.010822644178690869,0.0055211594518141316,-0.009121270118984469,-0.011576876811347505
CWE Flag Count,-0.013914594911765495,-0.012920059493272063,-0.0008159875605320923,-0.0015607382836947562,-0.0009792630875617183,-0.0006936064865200552,-0.028973374479067893,-0.009134503073240798,-0.03272535811923176,-0.0271270249026991,-0.02862346519632907,-0.013006486525644156,-0.025059723008242944,-0.027445395016224342,-0.002352391009359339,-0.000995402921751525,-0.008014010729381266,-0.008067003417728412,-0.011782222377334861,-0.006689785861284679,-0.012491427632290797,-0.008467870692453479,-0.009353286253716838,-0.011315264316514351,-0.006951604878118207,-0.009598647676975554,-0.005643696250382378,-0.008308338729914308,-0.00823992624986231,-0.0029643142650021253,0.17043065231573143,1.0,-0.0008784252400242289,-0.00181379576750669,-0.0012402016422575087,0.000618111307688552,-0.009326618054816084,-0.033637211494377005,-0.0295587230697521,-0.03278688610276855,-0.021968899976287374,-0.001518146793422752,0.17043065231573143,-0.020097823571233686,0.006325687164225717,-0.019312929321336155,0.21402448479511857,1.0,-0.020097823571233686,-0.021689182976444323,-0.03195356769958719,-0.03272535811923176,-0.025059723008242944,-0.0008159875605320923,-0.0009792630875617183,-0.0015607382836947562,-0.0006936064865200552,0.015343524308324476,-0.013341575022930026,-0.000793136500413766,0.07663052499279271,-0.0027567260033532796,-0.0019202147650116863,-0.002978784345451724,-0.0023819195868635093,-0.010230394546333009,-0.0038153491986338112,-0.010454111039081483,-0.009867746095585148
ECE Flag Count,-0.28156714352783396,-0.05346431218214665,-0.015277011682675435,0.0008104800160952928,-0.012872029980364031,-0.0019772891897337458,0.339048447598803,-0.18484015914138588,0.331198477944619,0.40411671403404276,0.3497637812225618,-0.26319122342989376,0.2634781343024798,0.43048428882185447,0.01588720098091771,-0.03941996149481869,-0.15830863379570645,-0.044473638680390795,-0.12457276905426783,-0.1481693578730356,-0.053196918207477864,-0.1559843962418043,-0.012049142755132058,-0.12601790062081167,-0.15323506262788028,0.05036416968471356,-0.04775533486714704,0.01866415308180003,0.013084617418281756,-0.05591118701484165,-0.11792376135486238,-0.020097823571233686,-0.015325651446320978,-0.0012928663066221044,-0.034392343700018625,-0.031085168218721888,-0.18872767918304514,0.44297529316295814,0.28648056052424337,0.4679406713764515,0.35734320291692573,-0.030720280309313838,-0.11792376135486238,1.0,0.5966982939647465,-0.39080450251309407,-0.09390431936080869,-0.020097823571233686,1.0,0.06407315764170113,0.2830433517393153,0.331198477944619,0.2634781343024798,-0.015277011682675435,-0.012872029980364033,0.0008104800160952933,-0.0019772891897337453,0.42807433480215856,0.34991228227389903,-0.01531633960083109,-0.02442906455923078,-0.033068317874960056,-0.022707100929942783,-0.032322410865823596,-0.027730967930423574,-0.09298406480141821,-0.03533558404068338,-0.0973173254547811,-0.0897184242074925
Down/Up Ratio,0.31472180530467625,-0.07759459539794997,-0.017039348534936986,0.08518255664382429,-0.01880647166545313,0.0692200388186064,-0.15485597865355666,0.149445342576442,-0.06694094419327223,-0.14507862935753435,0.08593077003187839,0.2901682134970003,0.16497986453374247,0.046886219312476426,0.0026659102061289256,-0.009498747614686864,-0.1680640642448905,-0.002316031582731416,-0.10960418915808195,-0.16775456515641776,-0.09502756413617482,-0.15468633010513266,-0.03424788420639607,-0.12946000688544812,-0.14505499030143248,0.03774455074604243,0.0029647710489851416,0.018688007765034605,0.056865971698517336,0.009259376422956251,-0.08111930366370183,-0.021689182976444323,-0.016376089019200294,0.08487200160948026,-0.023101633107887355,0.048421278083668896,0.1467904506736423,0.003486318505347217,0.14360468808459625,0.036350498444143585,0.04294548957029891,0.03186641699075523,-0.08111930366370183,0.06407315764170113,0.078822157052013,-0.335553792705271,0.05803865367927139,-0.021689182976444323,0.06407315764170113,1.0,0.16571777539651558,-0.06694094419327223,0.16497986453374242,-0.017039348534936986,-0.01880647166545313,0.08518255664382428,0.0692200388186064,-0.05791485761512228,-0.20043754104642117,-0.01752208870319211,-0.24796657802410205,0.003313162024720568,-0.015209504440177945,-0.00048295737540053195,0.012238028559676305,-0.08455688060055626,-0.010443698391196016,-0.08698408222259259,-0.0835495095179514
Avg Packet Size,-0.03583532195890888,0.14783025187067378,-0.01378055797185278,0.15897145244884123,-0.006047708233298242,0.14757982386646037,0.5049081393889202,0.15178347614945892,0.5743659524362632,0.4514470921665489,0.6699199240540306,-0.01761689457442527,0.8976248659348948,0.6699252609749061,0.01288634142602914,-0.05713730809219099,-0.21600761295782503,0.11516430039653235,0.009955545302393773,-0.22909653393238838,0.14136634702155518,-0.19608156473033517,0.26330201218229615,0.0026751891184729247,-0.22745268602834443,0.27528877269368984,0.003906430946677945,0.19335740096237558,0.22000015007382548,-0.04344583143671838,-0.10005147818585378,-0.03195356769958719,-0.007304195467631664,0.1605200718492038,-0.04994603664552006,-0.04469405753423308,0.1428217281882497,0.7340438098437931,0.9939848256355774,0.8207971639473643,0.8675701759887401,-0.03522323665205175,-0.10005147818585378,0.2830433517393153,0.4040167507224068,-0.3748309865556218,-0.09024146723618,-0.03195356769958719,0.2830433517393153,0.16571777539651558,1.0,0.5743659524362632,0.8976248659348949,-0.01378055797185278,-0.006047708233298242,0.15897145244884123,0.14757982386646037,0.1727740488552272,0.19872811689726633,-0.016665123735274946,0.00834865219018761,0.022101720921850036,0.013423164695221515,0.03291769741559852,0.022808144018119515,-0.007263262088465363,0.12862718357956313,0.010705214241122439,-0.023466965698940957
Avg Fwd Segment Size,-0.15412195742543133,-0.056470991294037785,-0.013442170831936703,0.0022668313072421046,-0.0010679314502896255,-0.008316773472555205,0.8436606505455896,0.15653577578337097,1.0,0.8552937552311247,0.3452125649278883,-0.17346438611032414,0.26678129863841077,0.38209892886403723,0.029682814276781887,-0.05502863548220591,-0.216249841085768,0.06930877842466925,-0.1108869061375218,-0.23365971187737455,-0.05459289612882403,-0.20033206248347624,0.12656090409102838,-0.10638254563452545,-0.21993810579709136,0.023495864913086476,0.0166619194032789,0.07589547437015744,0.03344664151597093,-0.011843875902938178,-0.09445655982327038,-0.03272535811923176,-0.011989311654940124,0.004586676050663369,-0.04873881529066625,-0.04064403886238652,0.13302243670970113,0.6068660066570268,0.5544250268182892,0.5907551067905313,0.42147077899840657,-0.038555660800222845,-0.09445655982327038,0.331198477944619,0.3659199990076653,-0.2264186537586944,-0.0777201161222461,-0.03272535811923176,0.331198477944619,-0.06694094419327223,0.5743659524362632,1.0,0.26678129863841077,-0.013442170831936705,-0.00106793145028963,0.0022668313072421046,-0.008316773472555205,0.30986631304891926,0.36106413659673936,-0.013498801304466634,0.19966727830719674,0.033616846127237844,0.0010778694402684657,0.028483111219428387,0.04039211010612087,-0.13972437555808098,0.14120936824491467,-0.10941637880211055,-0.1582562606664172
Avg Bwd Segment Size,-0.06722774770247426,0.16579715945008822,-0.015448525043974657,0.14829199339045512,-0.009101338588792921,0.13827517179769322,0.31512538942197643,-0.0649095642450471,0.26678129863841077,0.25849623829269824,0.7484118019059439,-0.007032869007731808,1.0,0.7381739544633185,-0.013752609368468833,-0.05254506701861322,-0.18441738775241678,0.08399101550251725,0.02341925743012365,-0.18538773699690267,0.15790906747526007,-0.1673626544274313,0.23513239338256772,0.013943452481840415,-0.19114897213501578,0.30530668447797366,-0.017780274184216724,0.18841138597193074,0.2216050151541859,-0.0628921314417135,-0.12143307564508206,-0.025059723008242944,-0.008875140884129279,0.1499749568449974,-0.04585150312542678,-0.041404855054020535,-0.06526016222226494,0.7091873520138864,0.908528815856099,0.8071503187519987,0.907807399099434,-0.02529804021450197,-0.12143307564508206,0.2634781343024798,0.42059370604379237,-0.3761083392944958,-0.08006410655460725,-0.025059723008242944,0.2634781343024798,0.16497986453374242,0.8976248659348949,0.26678129863841077,1.0,-0.015448525043974658,-0.009101338588792921,0.14829199339045512,0.13827517179769322,0.11275798192212573,0.14898142163237613,-0.018398105671670825,-0.005867100071897207,-0.0135167711073173,0.006180216296509934,0.0037418116656000714,-0.016077092434530645,0.023610725843461022,0.013709582099560119,0.019463717586779103,0.021554835967436348
Subflow Fwd Packets,0.050205086557489044,0.0847465949941057,1.0,0.020711214222065347,0.9984889780230087,0.0211845865137252,-0.018724546898153113,0.01869262271856821,-0.013442170831936705,-0.020340587077699767,-0.019891055257483463,-0.01069823002703624,-0.015448525043974658,-0.02013520505498385,-0.0013850787730989957,-0.0016170058367130941,-0.007031751345398622,-0.005945195509213037,-0.007782851491525976,-0.006024718425071269,0.08509359984654022,-0.007318941632132938,-0.006491173679362702,-0.007827380133875744,-0.006239124466860623,-0.005019195808367418,-0.004161286408438615,-0.005793225971403186,-0.004811465757556208,-0.002294882247961694,-0.004289883460243884,-0.0008159875605320923,0.9990939547166838,0.020513844526611924,-0.001256233414541209,-0.0018583692528754878,0.019534447187082637,-0.022340983352461444,-0.011345962609767177,-0.02304531375890216,-0.014074995927448002,-0.0012460993388021056,-0.004289883460243884,-0.015277011682675435,-0.02468188425240233,-0.015434093858932461,-0.0037977236756403018,-0.0008159875605320923,-0.015277011682675435,-0.017039348534936986,-0.01378055797185278,-0.013442170831936705,-0.015448525043974658,1.0,0.9984889780230087,0.02071121422206535,0.021184586513725196,-0.015983605321622293,-0.00996757613833757,0.999741255279983,-0.036596085005766214,-0.0004380471504898466,0.00036179767764126354,-0.00028730338465833793,-0.0007342828617609337,-0.00723893499643898,-0.000978014626413781,-0.0072356407940813265,-0.00716090484960643
Subflow Fwd Bytes,0.04903707406536237,0.08716665224113374,0.9984889780230087,0.001898680472333811,1.0,0.0012244958693628653,-0.012302127660921666,0.018562360351674606,-0.00106793145028963,-0.014567449740509195,-0.01544461584900757,-0.012463097379272755,-0.009101338588792921,-0.017050484933235098,-0.001305810442239151,-0.0019599728863285725,-0.008165580377853974,-0.00555451421176883,-0.008461893865685851,-0.007223047710660214,0.08780013287324843,-0.008384735082579453,-0.005481675007924518,-0.008047649039996834,-0.007449059597109589,-0.001331893135734457,-0.0036090417905315685,-0.004639888577046966,-0.00440806502794221,-0.002143977225648478,-0.0049297386117029,-0.0009792630875617183,0.9967992100440697,0.0012906995146363752,-0.0015480059777976001,-0.002156947667231022,0.01931870342733637,-0.01673749605325446,-0.0032000175723149297,-0.017545834872612947,-0.008046369483447629,-0.0014618162071706898,-0.0049297386117029,-0.012872029980364033,-0.02190461626293407,-0.01714049557168387,-0.004333232957443189,-0.0009792630875617183,-0.012872029980364033,-0.01880647166545313,-0.006047708233298242,-0.00106793145028963,-0.009101338588792921,0.9984889780230087,1.0,0.001898680472333811,0.0012244958693628653,-0.015206085036618553,-0.008373908846442688,0.9986995040657912,-0.0352157136771663,-0.00014468120169663156,0.002106956247898049,0.0016397659040916464,-0.0009722349993086082,-0.008053588203097558,-0.001021081049897696,-0.007927860247115033,-0.008025308827927272
Subflow Bwd Packets,-0.017823330283523276,0.05929057522820557,0.02071121422206535,1.0,0.001898680472333811,0.997627084553696,0.027300220294607803,-0.012152763115851437,0.0022668313072421046,0.004581658667701878,0.0643254888423499,-0.014448013938582353,0.14829199339045512,0.022019826462651656,-0.000763470587831636,-0.003390083730434726,-0.011610243301480331,0.004096145760143067,0.029280314505600428,-0.01159873426188828,0.048488090271763006,-0.01029237322107217,0.01302064694527092,0.01242694595176675,-0.011631196664506852,0.07579532955236418,-0.00022737775752893196,0.01144664690394758,0.05367186174557275,-0.00294991172063074,0.00828683603998161,-0.0015607382836947562,0.06010385897962303,0.9997020475788088,-0.0029514583378602408,-0.002696903789112731,-0.01245945102658,0.0584694882820877,0.16909541908448464,0.06994499742543568,0.09494343589892863,-0.0018864940039463951,0.00828683603998161,0.0008104800160952933,0.030696954466397645,-0.016440779394998817,-0.005519478414050102,-0.0015607382836947562,0.0008104800160952933,0.08518255664382428,0.15897145244884123,0.0022668313072421046,0.14829199339045512,0.02071121422206535,0.001898680472333811,1.0,0.997627084553696,-0.000180048829587086,-0.00031776839620262833,-0.0008215451555083403,0.010317740480626711,0.043711111023875086,0.04934409416567208,0.05325872142933615,0.02784260841959597,0.023226675083019146,0.06880880953731243,0.02869347798766397,0.016225977100412115
Subflow Bwd Bytes,-0.009397617595268812,0.04656087115527461,0.021184586513725196,0.997627084553696,0.0012244958693628653,1.0,0.010277147401455905,-0.006193095982134286,-0.008316773472555205,-0.004540943920073278,0.04225199442483885,-0.00674036991764766,0.13827517179769322,0.006238580368134012,0.00048506186096746237,-0.0016196601274372463,-0.0055938739301797605,0.0005479130507938538,0.028988205278114233,-0.00513282447185415,0.03577864313749949,-0.005259406275397358,0.005588797410635026,0.012058695687047705,-0.005313294997216866,0.05629278634441483,-0.002265589876348049,0.003430736415381888,0.04484746041781112,-0.0020344681544590677,0.008508081037946388,-0.0006936064865200552,0.06028388582900611,0.9969912521152554,-0.0013788687197785966,-0.001406357902445696,-0.0063229211472252385,0.037978128542388426,0.1560900838674021,0.05515322372075461,0.08441219372227683,-0.0010209397152067389,0.008508081037946388,-0.0019772891897337453,0.013413558217486332,-0.005732516765036642,-0.003105871144655968,-0.0006936064865200552,-0.0019772891897337453,0.0692200388186064,0.14757982386646037,-0.008316773472555205,0.13827517179769322,0.021184586513725196,0.0012244958693628653,0.997627084553696,1.0,-0.004453187727344916,-0.005153318627380226,-0.0003822384039321287,0.0001213304998588341,0.04167689536287216,0.046742692880069645,0.04959175820266295,0.026436909124075446,0.02207487129603379,0.06676190281729939,0.027441390260949376,0.015371104611386969
Init Fwd Win Bytes,-0.29445727539486327,-0.024435479727434265,-0.015983605321622293,-0.000180048829587086,-0.015206085036618553,-0.004453187727344916,0.3514602115963136,-0.19227841641515922,0.30986631304891926,0.4117918692275545,0.20606767994294137,-0.27423205899983355,0.11275798192212573,0.3073439407930157,0.04055912869221965,-0.024364039203699797,0.11823692547840488,-0.08394753940307442,0.045290001335510234,0.13613521291847316,-0.022639011447471487,0.09350620139575318,-0.07632751138485769,0.048230009655947675,0.10645015967482425,-0.06195742586895473,-0.02523553897342758,-0.022649960088370766,-0.04599944215120239,-0.023137436975136174,-0.10280673107292777,0.015343524308324476,-0.015137825335799627,0.0029567565088574064,-0.021837950804975574,-0.017018697463296765,-0.19720081848672913,0.31978690650887265,0.17247593139721207,0.343304904532769,0.22637671277795407,-0.03194511621182153,-0.10280673107292777,0.42807433480215856,0.4458503336227647,-0.21154315613643873,-0.06589635892561219,0.015343524308324476,0.42807433480215856,-0.05791485761512228,0.1727740488552272,0.30986631304891926,0.11275798192212573,-0.015983605321622293,-0.015206085036618553,-0.000180048829587086,-0.004453187727344916,1.0,0.17945678963043415,-0.015989516482940135,0.16887177744059087,-0.022021550929343693,-0.018964546339340957,-0.025718591898423463,-0.017268945928425445,0.08445642006956927,-0.0025133694437413567,0.0829288492314008,0.08604119332227468
Init Bwd Win Bytes,-0.18691400290681853,-0.11394180512693557,-0.00996757613833757,-0.00031776839620262833,-0.008373908846442688,-0.005153318627380226,0.46618606519329736,-0.12266253136888511,0.36106413659673936,0.38413595605937534,0.36522362606088987,-0.1725503536904076,0.14898142163237613,0.32458040813988476,0.0038743449580464703,-0.021995309528837083,-0.10917712831269115,-0.06943452265980017,-0.128193597044701,-0.09868321678112271,-0.1101511961958935,-0.10980502419344665,-0.06263436574184289,-0.12116801941972893,-0.10165546816084138,-0.057753533188041335,-0.04447033107889929,-0.05565813279591274,-0.05721784675238102,-0.028614187049488725,-0.06926428826631362,-0.013341575022930026,-0.009728719974174826,-0.0022592400770117854,-0.02024259673998978,-0.013372164076089847,-0.12528345067387767,0.41122656940516905,0.21064376832638124,0.321634549452381,0.2100684944033837,-0.013859650475972077,-0.06926428826631362,0.34991228227389903,0.37649589244779563,-0.23747811675124555,-0.02676838313471541,-0.013341575022930026,0.34991228227389903,-0.20043754104642117,0.19872811689726633,0.36106413659673936,0.14898142163237613,-0.00996757613833757,-0.008373908846442688,-0.00031776839620262833,-0.005153318627380226,0.17945678963043415,1.0,-0.010004401572684602,-0.015349859551199196,-0.019740989623815326,-0.01932797412794764,-0.02331137433365601,-0.01418792316741643,-0.11880524902705104,-0.045402771609306905,-0.12187836323460598,-0.11461091072334005
Fwd Act Data Packets,0.050738299282586864,0.0835340493310737,0.999741255279983,-0.0008215451555083403,0.9986995040657912,-0.0003822384039321287,-0.019246177639169856,0.019001191160037123,-0.013498801304466634,-0.020490327980120945,-0.02100353886306758,-0.010323368652247594,-0.018398105671670825,-0.02046988944775114,-0.0013742404767171752,-0.0015572624205016827,-0.006873165364040074,-0.00603264618636287,-0.008457748423936902,-0.005867586340029539,0.08414362201842365,-0.007170670615951998,-0.006754554763301149,-0.008088544880871408,-0.006067586285662813,-0.0064404895632786275,-0.004146953248807286,-0.006014544778037822,-0.005953258329450996,-0.0022366762637031565,-0.004452931601036289,-0.000793136500413766,0.997891638362771,-0.0010108668370418148,-0.0012085845553826558,-0.0017943688226797884,0.019849612365401205,-0.023404422684081362,-0.01442396257636179,-0.024474973282872046,-0.01617644196044349,-0.0012089076292786435,-0.004452931601036289,-0.01531633960083109,-0.025170944367220824,-0.015257027718131852,-0.0036820658408348193,-0.000793136500413766,-0.01531633960083109,-0.01752208870319211,-0.016665123735274946,-0.013498801304466634,-0.018398105671670825,0.999741255279983,0.9986995040657912,-0.0008215451555083403,-0.0003822384039321287,-0.015989516482940135,-0.010004401572684602,1.0,-0.03677616069383804,-0.0019980450891623406,-0.0013046131270235811,-0.002075433898253361,-0.0017575580240635604,-0.007802287643450038,-0.0026933948061498426,-0.007940317525352692,-0.007555183494530204
Fwd Seg Size Min,-0.6613923078092693,-0.0394333148647281,-0.036596085005766214,0.010317740480626711,-0.0352157136771663,0.0001213304998588341,0.3766881467227173,-0.4331097544576509,0.19966727830719674,0.3769077921944274,0.2202933184217636,-0.6243578793179538,-0.005867100071897207,0.26225351104010636,-0.021317507034213395,-0.008916457528658685,-0.04734946180200816,0.10757606658002267,0.017640104720930614,-0.06705251023125734,-0.045909229896293396,-0.021849500680439126,0.07677127455759344,0.012509116831922122,-0.03111668407203406,0.04744575893126113,0.12008739219796459,0.11003265232166722,0.10014724203013854,0.08688945990903055,0.027344954039470695,0.07663052499279271,-0.033720354966822644,0.02108317655477474,-0.00586050264309122,-0.014272858803448073,-0.4516342222317187,0.3039564376226868,0.06121152180896748,0.26365296014152256,0.17434775411386338,-0.0023419152634045312,0.027344954039470695,-0.02442906455923078,0.2705028211338936,0.3844005550276418,0.07650631792480267,0.07663052499279271,-0.02442906455923078,-0.24796657802410205,0.00834865219018761,0.19966727830719674,-0.005867100071897207,-0.036596085005766214,-0.0352157136771663,0.010317740480626711,0.0001213304998588341,0.16887177744059087,-0.015349859551199196,-0.03677616069383804,1.0,-0.0425606200128197,-0.05668578852708901,-0.05345727315671794,-0.022165674414644933,-0.01152263256639446,0.03672149570365665,-0.003914095110552282,-0.015556345436951724
Active Mean,-0.06470144979625826,0.20161692706794335,-0.0004380471504898466,0.043711111023875086,-0.00014468120169663156,0.04167689536287216,-0.014167680396566957,0.044152868257854416,0.033616846127237844,-0.022719526596839613,-0.023046615218633416,-0.034010452858909745,-0.0135167711073173,-0.02733507226179916,-0.0064611811994641595,-0.006678905749677688,0.0012273157371449045,0.09130887187804812,0.09961667237468978,-0.017592445128444125,0.19552520629759135,0.0014378737426426853,0.12150267981532799,0.09426696587502116,-0.017767602167624477,0.1122425489564586,0.12975029447371011,0.15540342425346743,0.14235869472468693,0.08194193978912222,-0.0006744335618973579,-0.0027567260033532796,0.00101944559074476,0.0432559319591397,-0.005565890886301173,-0.00625250890344695,0.045312656694816315,-0.02072144969896167,0.027414090195403574,-0.01901550964303998,-0.0034325912142445674,-0.003071817755072667,-0.0006744335618973579,-0.033068317874960056,-0.0009243275451187257,-0.037148816681297894,-0.0017729409660406155,-0.0027567260033532796,-0.033068317874960056,0.003313162024720568,0.022101720921850036,0.033616846127237844,-0.0135167711073173,-0.0004380471504898466,-0.00014468120169663156,0.043711111023875086,0.04167689536287216,-0.022021550929343693,-0.019740989623815326,-0.0019980450891623406,-0.0425606200128197,1.0,0.5643007949333368,0.9435900546587633,0.9088614744546935,0.0708180506162412,0.2653220576134513,0.11138994418977864,0.04161237783839294
Active Std,-0.05998581816327793,0.17981456859939046,0.00036179767764126354,0.04934409416567208,0.002106956247898049,0.046742692880069645,-0.00817732863497843,-0.015073815355747824,0.0010778694402684657,-0.01306573496685023,-0.0029194234179789422,-0.021419653947953785,0.006180216296509934,-0.008595619051337457,-0.004479372924412477,-0.004651721678521086,-0.004332386577744521,0.05426596830459007,0.06721810737300452,-0.013528216517711725,0.17950605023264934,-0.001298123115873069,0.08274740406057551,0.06728599609405525,-0.013852337132802255,0.1053172444929586,0.07890117009514001,0.10406175887157341,0.0962160583982476,0.04594842071777566,-0.0045755687116683305,-0.0019202147650116863,0.0019694342510049078,0.048552665535699396,-0.003876742319233617,-0.004353941829813112,-0.015595448346641384,-0.005620981018521685,0.019496479695784368,-0.0009057553767385254,0.012619856268638676,-0.0029351205928424386,-0.0045755687116683305,-0.022707100929942783,-0.007770408671048087,-0.029601848279066426,-0.00897193966779018,-0.0019202147650116863,-0.022707100929942783,-0.015209504440177945,0.013423164695221515,0.0010778694402684657,0.006180216296509934,0.00036179767764126354,0.002106956247898049,0.04934409416567208,0.046742692880069645,-0.018964546339340957,-0.01932797412794764,-0.0013046131270235811,-0.05668578852708901,0.5643007949333368,1.0,0.7869463189115932,0.16962209999827804,0.04961761823740003,0.1919362782677787,0.07554278731256099,0.028881473659124232
Active Max,-0.07193034161039742,0.23780694450839218,-0.00028730338465833793,0.05325872142933615,0.0016397659040916464,0.04959175820266295,-0.006082223081631144,0.02574574251948528,0.028483111219428387,-0.01709419775376709,-0.008470263291562473,-0.03506887315872982,0.0037418116656000714,-0.015674330140785876,-0.006976512326602209,-0.007216789030973565,-0.0015141942720608968,0.09027309904634659,0.0980555360610161,-0.019701610086880893,0.23321259861320448,0.0008813774822941987,0.12442658243445293,0.09428387816622152,-0.019959550280847577,0.14987690298180523,0.12610865610839825,0.15560371420380256,0.14218746292449727,0.07490469341605142,-0.0013195934629722584,-0.002978784345451724,0.0014696012144774621,0.05258385374526034,-0.006014194401206818,-0.0067558392776607525,0.02630534254047305,-0.008163730455357383,0.04022093424446853,-0.004484834501443375,0.01380789914661355,-0.003704358281760185,-0.0013195934629722584,-0.032322410865823596,0.0005941224293773192,-0.040252825418320495,-0.005661569757060223,-0.002978784345451724,-0.032322410865823596,-0.00048295737540053195,0.03291769741559852,0.028483111219428387,0.0037418116656000714,-0.00028730338465833793,0.0016397659040916464,0.05325872142933615,0.04959175820266295,-0.025718591898423463,-0.02331137433365601,-0.002075433898253361,-0.05345727315671794,0.9435900546587633,0.7869463189115932,1.0,0.7324281580073111,0.07146114597630392,0.2629246594972418,0.11040111828371658,0.042286651416882766
Active Min,-0.047744773938322785,0.15541847978735143,-0.0007342828617609337,0.02784260841959597,-0.0009722349993086082,0.026436909124075446,-0.010859627512017038,0.059873559242784036,0.04039211010612087,-0.019357330789633254,-0.023249637609677132,-0.03058546014417118,-0.016077092434530645,-0.025953248669162418,-0.005594023215013935,-0.005771113130057309,0.003437133462069343,0.08247851701708261,0.08504340572758737,-0.014623193497336899,0.14829525653841172,0.002456134275508099,0.10460733329995081,0.07867034147927635,-0.01468063159434575,0.08801581036230496,0.11581499279218092,0.13417667649124967,0.12221084882625363,0.07423195465603963,0.0012327432783019359,-0.0023819195868635093,0.00021237960920308027,0.02769355475636058,-0.004809266337742693,-0.005403095335407724,0.061501165996635944,-0.01928359231453309,0.02637296587380722,-0.019430954634327667,-0.007185755857327984,-0.002275157388941434,0.0012327432783019359,-0.027730967930423574,0.0044215405662765385,-0.030184169789430195,0.002154715650932737,-0.0023819195868635093,-0.027730967930423574,0.012238028559676305,0.022808144018119515,0.04039211010612087,-0.016077092434530645,-0.0007342828617609337,-0.0009722349993086082,0.02784260841959597,0.026436909124075446,-0.017268945928425445,-0.01418792316741643,-0.0017575580240635604,-0.022165674414644933,0.9088614744546935,0.16962209999827804,0.7324281580073111,1.0,0.059899111082491616,0.2188696425754134,0.09505145568946922,0.03552572480534601
Idle Mean,-0.1670556766177858,0.7256965496034782,-0.00723893499643898,0.023226675083019146,-0.008053588203097558,0.02207487129603379,-0.11996053635706296,-0.037581524168005545,-0.13972437555808098,-0.1335186758482153,-0.004692917382829418,-0.11755491287082688,0.023610725843461022,-0.01794066418122043,-0.02418412484607038,-0.024792167538306764,0.7418115651495459,0.5569444396105888,0.9148802630014256,0.6509777725246139,0.7192647566125568,0.7961494928132603,0.4625802628559432,0.9073369564937782,0.7387646861170739,0.4205463716743767,0.3885855637212839,0.4167544487032808,0.5520485834405141,0.32228117134735434,0.1028916613383171,-0.010230394546333009,-0.006469428027759542,0.022043744548026847,-0.020658328742517294,-0.02321811917495685,-0.04172039651749853,-0.03776451585784398,0.01591389385973216,-0.030595451691622786,0.05414883058421925,-0.015470673776286128,0.1028916613383171,-0.09298406480141821,-0.1137639306456524,0.19300807078632579,-0.010822644178690869,-0.010230394546333009,-0.09298406480141821,-0.08455688060055626,-0.007263262088465363,-0.13972437555808098,0.023610725843461022,-0.00723893499643898,-0.008053588203097558,0.023226675083019146,0.02207487129603379,0.08445642006956927,-0.11880524902705104,-0.007802287643450038,-0.01152263256639446,0.0708180506162412,0.04961761823740003,0.07146114597630392,0.059899111082491616,1.0,0.14935801483182942,0.9881288848462086,0.993714093424507
Idle Std,-0.019781180216371083,0.31436855409306946,-0.000978014626413781,0.06880880953731243,-0.001021081049897696,0.06676190281729939,0.0024248500209314372,0.18684842553422484,0.14120936824491467,-0.022363852544051,-0.00964560038065826,-0.04467099819954388,0.013709582099560119,-0.016856244913174903,-0.008939563831375561,-0.009244009508126774,0.026118833978928564,0.25631523348662094,0.26925760517297653,-0.023056344864024234,0.3083351890626548,0.03313623173791733,0.36433196283158703,0.2653385303896088,-0.023125816720143754,0.2957430277214108,0.3888399739826741,0.4769889054832396,0.4473592935960264,0.24542788708118607,0.027788939927318054,-0.0038153491986338112,0.0024696507779582433,0.06869453589625911,-0.007703590256062701,-0.008653621635395944,0.19454645369449786,0.008261230473272969,0.13204847912837472,0.01336905904231723,0.027449848298156963,-0.005831904954509992,0.027788939927318054,-0.03533558404068338,0.044463111418391155,-0.04362655491926359,0.0055211594518141316,-0.0038153491986338112,-0.03533558404068338,-0.010443698391196016,0.12862718357956313,0.14120936824491467,0.013709582099560119,-0.000978014626413781,-0.001021081049897696,0.06880880953731243,0.06676190281729939,-0.0025133694437413567,-0.045402771609306905,-0.0026933948061498426,0.03672149570365665,0.2653220576134513,0.1919362782677787,0.2629246594972418,0.2188696425754134,0.14935801483182942,1.0,0.2926295248587682,0.03985175468277902
Idle Max,-0.16324123493960355,0.7501210649323886,-0.0072356407940813265,0.02869347798766397,-0.007927860247115033,0.027441390260949376,-0.1167375533915925,-0.0023842057028683338,-0.10941637880211055,-0.13309812842426932,-0.010958172658386296,-0.12013946062604405,0.019463717586779103,-0.02428279572790355,-0.02470637390645475,-0.02533415061800006,0.7221706519900165,0.5785601883520983,0.9256440754260006,0.6263460327789145,0.743353179760261,0.7754790662720099,0.502807735601917,0.9180362196874314,0.7111721399802186,0.4514962572143416,0.44512800994028406,0.48180463154607145,0.6035936294976357,0.35690530608877946,0.10231586175951014,-0.010454111039081483,-0.0061318184465455824,0.027535824229408357,-0.0211100139700288,-0.023725419210140077,-0.0050095423372547975,-0.03915254329802124,0.03326298350173233,-0.03148500811030326,0.051443548440053305,-0.015818112005759145,0.10231586175951014,-0.0973173254547811,-0.10386467574327335,0.17976655217490706,-0.009121270118984469,-0.010454111039081483,-0.0973173254547811,-0.08698408222259259,0.010705214241122439,-0.10941637880211055,0.019463717586779103,-0.0072356407940813265,-0.007927860247115033,0.02869347798766397,0.027441390260949376,0.0829288492314008,-0.12187836323460598,-0.007940317525352692,-0.003914095110552282,0.11138994418977864,0.07554278731256099,0.11040111828371658,0.09505145568946922,0.9881288848462086,0.2926295248587682,1.0,0.9655999595880754
Idle Min,-0.16658088359803627,0.6932444479604424,-0.00716090484960643,0.016225977100412115,-0.008025308827927272,0.015371104611386969,-0.12235850716153843,-0.06170224453767233,-0.1582562606664172,-0.13256019355251145,-0.004618343206857774,-0.11329590769139879,0.021554835967436348,-0.0170285234086613,-0.023334814906535984,-0.023913535771393542,0.7464748510652252,0.532684034505041,0.8943102822425526,0.6607328083057834,0.6873155129025841,0.8003223288405753,0.42498817643960063,0.8869808988614312,0.7494305512662482,0.38659275917634434,0.34679417056871825,0.3665134667267793,0.5075268917855268,0.297102881894944,0.10008935446645009,-0.009867746095585148,-0.006746956413238962,0.015011874662311357,-0.019926107131390244,-0.022395621185935917,-0.0668607399875778,-0.04012194693214349,-0.00047023230002074767,-0.03326607106639215,0.050653437083124205,-0.014914582612402074,0.10008935446645009,-0.0897184242074925,-0.12023758460752024,0.20005413883435855,-0.011576876811347505,-0.009867746095585148,-0.0897184242074925,-0.0835495095179514,-0.023466965698940957,-0.1582562606664172,0.021554835967436348,-0.00716090484960643,-0.008025308827927272,0.016225977100412115,0.015371104611386969,0.08604119332227468,-0.11461091072334005,-0.007555183494530204,-0.015556345436951724,0.04161237783839294,0.028881473659124232,0.042286651416882766,0.03552572480534601,0.993714093424507,0.03985175468277902,0.9655999595880754,1.0
